Workbook
Name MPFlight1Total: 'Match Play'!$E$3:$E$6
Name BestBallPointsFifthDefault: Points!$G$9
Name PushPoints: Matches!$B$43
Name ScramblePointsSixth: Points!$L$35:$M$37
Name RedP4: Schedule!$C$28
Name BlueP1: 'Schedule New'!$C$18
Name BestBallPointsEighth: Points!$P$60:$Q$64
Name WhiteP1: Schedule!$C$4
Name RedP2: 'Schedule New'!$C$26
Name RedP5: Schedule!$C$29
Name BestBall: 'Best Ball Scrolf'!$B:$B
Name ScramblePointsThirdDefault: Points!$K$7
Name MatchPlay3_VL: 'Match Play Scrolf 3'!$B:$D
Name BlackP5: Schedule!$C$15
Name BestBallPointsTwelvthDefault: Points!$G$16
Name BestBallPointsFourthDefault: Points!$G$8
Name BlackP3: Schedule!$C$13
Name BlueP1: Schedule!$C$18
Name BestBallPointsSeventh: Points!$N$60:$O$65
Name BlackP2: 'Schedule New'!$C$12
Name ScramblePointsEighth: Points!$P$35:$Q$35
Name BestBallPointsEleventh: Points!$V$60:$W$61
Name MPPointsH: Points!$C$20
Name RedP4: 'Schedule New'!$C$28
Name BestBallPointsThirdDefault: Points!$G$7
Name BestBallPointsEighthDefault: Points!$G$12
Name RedP1: 'Schedule New'!$C$25
Name MPFlight6Total: 'Match Play'!$E$38:$E$41
Name WhiteP6: 'Schedule New'!$C$9
Name ScramblePoints_VL: Points!$B$24:$C$31
Name WhiteP2: Schedule!$C$5
Name ScramblePointsFirstDefault: Points!$K$5
Name ScramblePointsFirst: Points!$B$35:$C$42
Name BestBallPointsEleventhDefault: Points!$G$15
Name ScramblePointsSixthDefault: Points!$K$10
Name MatchPlay2_VL: 'Match Play Scolf 2'!$B:$D
Name ScramblePointsSeventhDefault: Points!$K$11
Name BlueP5: Schedule!$C$22
Name BlackP2: Schedule!$C$12
Name MatchPlay3: 'Match Play Scrolf 3'!$B:$B
Name ScramblePointsFifth: Points!$J$35:$K$38
Name RedP3: Schedule!$C$27
Name BlackP3: 'Schedule New'!$C$13
Name BlueP2: 'Schedule New'!$C$19
Name RedP2: Schedule!$C$26
Name BlueP6: 'Schedule New'!$C$23
Name MPFlight5Total: 'Match Play'!$E$31:$E$34
Name RedP6: 'Schedule New'!$C$30
Name MatchPlayPoints_VL: Points!$B$5:$C$8
Name MPFlight3Total: 'Match Play'!$E$17:$E$20
Name BlueP5: 'Schedule New'!$C$22
Name ScramblePointsFifthDefault: Points!$K$9
Name BestBallPointsNinethDefault: Points!$G$13
Name MPPointsL: Points!$C$21
Name BlueP4: 'Schedule New'!$C$21
Name BlueP2: Schedule!$C$19
Name BestBallPointsSecondDefault: Points!$G$6
Name BestBallPointsSecond: Points!$D$60:$E$70
Name BestBallPointsFirst: Points!$B$60:$C$71
Name Points_BB: Points!$F$5:$G$8

Sheet Ryder Cup Leaderboard
A1: SEMIS MATCH 1
A2: TEAM BAD | B2: =SUM(Matches!D7,Matches!D19, Matches!H7,Matches!H19, ) -> 10
A3: TEAM ROB | B3: =SUM(Matches!F13,Matches!F25, Matches!H13, Matches!H25, ) -> 7
A4: SEMIS MATCH 2
A5: TEAM MITCH | B5: =SUM(Matches!F7,Matches!F19,Matches!H7,Matches!H19, ) -> 7
A6: TEAM AUGUSTA | B6: =SUM(Matches!D13,Matches!D25,Matches!H13,Matches!H25, ) -> 10
A8: FINALS
A9: TBD | B9: =SUM(Matches!D31,Matches!H31) -> 0
A10: TBD | B10: =SUM(Matches!F31,Matches!H31) -> 0
A11: LOSERS
A12: TBD | B12: =SUM(Matches!D37,Matches!H37) -> 0
A13: TBD | B13: =SUM(Matches!F37,Matches!H37) -> 0

Sheet Matches
A2: RYDER CUP SEMIS #1 - TEAM DUTCH VS TEAM ROB
A3: Time | B3: Players | C3: DUTCH WIN | E3: ROB WIN | G3: PUSH
A4: 0.55555556 | B4: Dutch/Sina vs Troy/Dave | D4: =IF(ISBLANK(C4), "0", WinPoints) -> 0 | F4: =IF(ISBLANK(E4), "0", WinPoints) -> 0 | G4: X | H4: =IF(ISBLANK(G4), "0", PushPoints) -> 1
A5: 0.56944444 | B5: Rocky/Kelly vs Rob/Riley | C5: X | D5: =IF(ISBLANK(C5), "0", WinPoints) -> 3 | F5: =IF(ISBLANK(E5), "0", WinPoints) -> 0 | H5: =IF(ISBLANK(G5), "0", PushPoints) -> 0
A6: 0.57638889 | B6: Terby vs Mikey | C6: X | D6: =IF(ISBLANK(C6), "0", WinPoints) -> 3 | F6: =IF(ISBLANK(E6), "0", WinPoints) -> 0 | H6: =IF(ISBLANK(G6), "0", PushPoints) -> 0
D7: =SUM(D4:D6) -> 6 | F7: =SUM(F4:F6) -> 0 | H7: =SUM(H4:H6) -> 1
A8: RYDER CUP SEMIS #1 - TEAM ADAM VS TEAM MITCH
A9: Time | B9: Players | C9: ADAM WIN | E9: MITCH WIN | G9: PUSH
A10: 0.54861111 | B10: Beeler/Beeler vs Miller/Quis | D10: =IF(ISBLANK(C10), "0", WinPoints) -> 0 | F10: =IF(ISBLANK(E10), "0", WinPoints) -> 0 | G10: X | H10: =IF(ISBLANK(G10), "0", PushPoints) -> 1
A11: 0.5625 | B11: Adam/Matt B vs Mitch/Andy | C11: X | D11: =IF(ISBLANK(C11), "0", WinPoints) -> 3 | F11: =IF(ISBLANK(E11), "0", WinPoints) -> 0 | H11: =IF(ISBLANK(G11), "0", PushPoints) -> 0
A12: 0.57638889 | B12: Eric vs Joe | D12: =IF(ISBLANK(C12), "0", WinPoints) -> 0 | E12: X | F12: =IF(ISBLANK(E12), "0", WinPoints) -> 3 | H12: =IF(ISBLANK(G12), "0", PushPoints) -> 0
D13: =SUM(D10:D12) -> 3 | F13: =SUM(F10:F12) -> 3 | H13: =SUM(H10:H12) -> 1
A14: RYDER CUP SEMIS #2 - TEAM DUTCH VS TEAM ROB
A15: Time | B15: Players | C15: DUTCH WIN | E15: ROB WIN | G15: PUSH | H15: PUSH
B16: Dutch/ O'Brien v Boss/tangalakis | D16: =IF(ISBLANK(C16), "0", WinPoints) -> 0 | E16: X | F16: =IF(ISBLANK(E16), "0", WinPoints) -> 3 | H16: =IF(ISBLANK(G16), "0", PushPoints) -> 0
B17: Wiltsey/terbush v line/O'Neil | C17: X | D17: =IF(ISBLANK(C17), "0", WinPoints) -> 3 | F17: =IF(ISBLANK(E17), "0", WinPoints) -> 0 | H17: =IF(ISBLANK(G17), "0", PushPoints) -> 0
B18: Sinacola v d Boucher | D18: =IF(ISBLANK(C18), "0", WinPoints) -> 0 | E18: X | F18: =IF(ISBLANK(E18), "0", WinPoints) -> 3 | H18: =IF(ISBLANK(G18), "0", PushPoints) -> 0
D19: =SUM(D16:D18) -> 3 | F19: =SUM(F16:F18) -> 6 | H19: =SUM(H16:H18) -> 0
A20: RYDER CUP SEMIS #2 - TEAM ADAM VS TEAM MITCH
A21: Time | B21: Players | C21: ADAM WIN | E21: MITCH WIN | G21: PUSH | H21: PUSH
B22: A Beeler v Marcus | C22: X | D22: =IF(ISBLANK(C22), "0", WinPoints) -> 3 | F22: =IF(ISBLANK(E22), "0", WinPoints) -> 0 | H22: =IF(ISBLANK(G22), "0", PushPoints) -> 0
B23: Powell/swiatek v Howell/stetor | C23: X | D23: =IF(ISBLANK(C23), "0", WinPoints) -> 3 | F23: =IF(ISBLANK(E23), "0", WinPoints) -> 0 | H23: =IF(ISBLANK(G23), "0", PushPoints) -> 0
B24: M Boucher/Kyle Beeler v Miller/Savela | D24: =IF(ISBLANK(C24), "0", WinPoints) -> 0 | E24: X | F24: =IF(ISBLANK(E24), "0", WinPoints) -> 3 | H24: =IF(ISBLANK(G24), "0", PushPoints) -> 0
D25: =SUM(D22:D24) -> 6 | F25: =SUM(F22:F24) -> 3 | H25: =SUM(H22:H24) -> 0
A26: RYDER CUP FINALS - TEAM TBD VS TEAM TBD
A27: Time | B27: Players | C27: TBD WIN | E27: TBD WIN | G27: PUSH | H27: PUSH
B28: Swiatek/K Beeler v O'Brien/terbush | D28: =IF(ISBLANK(C28), "0", WinPoints) -> 0 | F28: =IF(ISBLANK(E28), "0", WinPoints) -> 0 | H28: =IF(ISBLANK(G28), "0", PushPoints) -> 0
B29: M Boucher/A Beeler v Wiltsey/sina | D29: =IF(ISBLANK(C29), "0", WinPoints) -> 0 | F29: =IF(ISBLANK(E29), "0", WinPoints) -> 0 | H29: =IF(ISBLANK(G29), "0", PushPoints) -> 0
B30: Powell v Dutch | D30: =IF(ISBLANK(C30), "0", WinPoints) -> 0 | F30: =IF(ISBLANK(E30), "0", WinPoints) -> 0 | H30: =IF(ISBLANK(G30), "0", PushPoints) -> 0
D31: =SUM(D28:D30) -> 0 | F31: =SUM(F28:F30) -> 0 | H31: =SUM(H28:H30) -> 0
A32: RYDER CUP LOSERS - TEAM TBD VS TEAM TBD
A33: Time | B33: Players | C33: TBD WIN | E33: TBD WIN | G33: PUSH | H33: PUSH
B34: Swartz/Savela v Tangalakis/d Boucher | D34: =IF(ISBLANK(C34), "0", WinPoints) -> 0 | F34: =IF(ISBLANK(E34), "0", WinPoints) -> 0 | H34: =IF(ISBLANK(G34), "0", PushPoints) -> 0
B35: Boss/line v Howell/miller | D35: =IF(ISBLANK(C35), "0", WinPoints) -> 0 | F35: =IF(ISBLANK(E35), "0", WinPoints) -> 0 | H35: =IF(ISBLANK(G35), "0", PushPoints) -> 0
B36: O'Neil v Stetor | D36: =IF(ISBLANK(C36), "0", WinPoints) -> 0 | F36: =IF(ISBLANK(E36), "0", WinPoints) -> 0 | H36: =IF(ISBLANK(G36), "0", PushPoints) -> 0
D37: =SUM(D34:D36) -> 0 | F37: =SUM(F34:F36) -> 0 | H37: =SUM(H34:H36) -> 0
B40: Points
A41: Win | B41: 3
A42: Loss | B42: 0
A43: Push | B43: 1

Sheet 3-man Scramble
A1: Match 1
A2: Blue | E2: Black
D3: v
A4: Match 2
A5: Red | E5: White
D6: v
A7: Match 3
A8: White | E8: Black
D9: v
A10: Match 4
A11: Blue | E11: Red
D12: v
A16: SCORING
A17: Team | D17: Points
A18: Black
A19: Blue
A20: Red
A21: White

Sheet Sheet26

Sheet Match Play
A1: FLIGHT 1
A2: Player | B2: M1 | C2: M2 | D2: M3 | E2: Total Points | F2: Flight Finish | G2: Flight Finish | H2: Ryder Cup Points
A3: =WhiteP1 -> Rob (W) | B3: {=If(VLOOKUP(INDEX(MatchPlay1, Match(CONCATENATE("*", WhiteP1, "*"), MatchPlay1, false), 0),MatchPlay1_VL, 2, false) = 0, "TBD", if(VLOOKUP(INDEX(MatchPlay1, Match(CONCATENATE("*", WhiteP1, "*"), MatchPlay1, false), 0),MatchPlay1_VL, 3, false) = "halved", "halved", If(VLOOKUP(INDEX(MatchPlay1, Match(CONCATENATE("*", WhiteP1, "*"), MatchPlay1, false), 0),MatchPlay1_VL, 3, false) <> "AS", if(left(VLOOKUP(INDEX(MatchPlay1, Match(CONCATENATE("*", WhiteP1, "*"), MatchPlay1, false), 0),MatchPlay1_VL, 3, false), 1) = "a", "W", "L"), "TBD")))} -> L | C3: {=If(VLOOKUP(INDEX(MatchPlay2, Match(CONCATENATE("*", WhiteP1, "*"), MatchPlay2, false), 0),MatchPlay2_VL, 2, false) = 0, "TBD", if(VLOOKUP(INDEX(MatchPlay2, Match(CONCATENATE("*", WhiteP1, "*"), MatchPlay2, false), 0),MatchPlay2_VL, 3, false) = "halved", "halved", If(VLOOKUP(INDEX(MatchPlay2, Match(CONCATENATE("*", WhiteP1, "*"), MatchPlay2, false), 0),MatchPlay2_VL, 3, false) <> "AS", if(left(VLOOKUP(INDEX(MatchPlay2, Match(CONCATENATE("*", WhiteP1, "*"), MatchPlay2, false), 0),MatchPlay2_VL, 3, false), 1) = "a", "W", "L"), "TBD")))} -> L | D3: {=If(VLOOKUP(INDEX(MatchPlay3, Match(CONCATENATE("*", WhiteP1, "*"), MatchPlay3, false), 0),MatchPlay3_VL, 2, false) = 0, "TBD", if(VLOOKUP(INDEX(MatchPlay3, Match(CONCATENATE("*", WhiteP1, "*"), MatchPlay3, false), 0),MatchPlay3_VL, 3, false) = "halved", "halved", If(VLOOKUP(INDEX(MatchPlay3, Match(CONCATENATE("*", WhiteP1, "*"), MatchPlay3, false), 0),MatchPlay3_VL, 3, false) <> "AS", if(left(VLOOKUP(INDEX(MatchPlay3, Match(CONCATENATE("*", WhiteP1, "*"), MatchPlay3, false), 0),MatchPlay3_VL, 3, false), 1) = "a", "W", "L"), "TBD")))} -> L | E3: =SUM(IFS(B3="W", MPPointsW, B3="L", MPPointsL, B3="halved", MPPointsH, B3="TBD", "0"), IFS(C3="W", MPPointsW, C3="L", MPPointsL, C3="halved", MPPointsH, C3="TBD", "0"), IFS(D3="W", MPPointsW, D3="L", MPPointsL, D3="halved", MPPointsH, D3="TBD", "0")) -> 0 | F3: =IFS(LARGE(MPFlight1Total, 1)=E3, 1, LARGE(MPFlight1Total, 2)=E3, 2, LARGE(MPFlight1Total, 3)=E3, 3, LARGE(MPFlight1Total, 4)=E3, 4) -> #N/A | G3: =If(C3="TBD", 0, F3) -> #N/A | H3: =If(C3="TBD", 0, VLOOKUP(G3,MatchPlayPoints_VL, 2, false)) -> #N/A
A4: =BlackP1 -> Mitch (A) | B4: {=If(VLOOKUP(INDEX(MatchPlay1, Match(CONCATENATE("*", BlackP1, "*"), MatchPlay1, false), 0),MatchPlay1_VL, 2, false) = 0, "TBD", if(VLOOKUP(INDEX(MatchPlay1, Match(CONCATENATE("*", BlackP1, "*"), MatchPlay1, false), 0),MatchPlay1_VL, 3, false) = "halved", "halved", If(VLOOKUP(INDEX(MatchPlay1, Match(CONCATENATE("*", BlackP1, "*"), MatchPlay1, false), 0),MatchPlay1_VL, 3, false) <> "AS", if(left(VLOOKUP(INDEX(MatchPlay1, Match(CONCATENATE("*", BlackP1, "*"), MatchPlay1, false), 0),MatchPlay1_VL, 3, false), 1) = "b", "W", "L"), "TBD")))} -> #N/A | C4: {=If(VLOOKUP(INDEX(MatchPlay2, Match(CONCATENATE("*", BlackP1, "*"), MatchPlay2, false), 0),MatchPlay2_VL, 2, false) = 0, "TBD", if(VLOOKUP(INDEX(MatchPlay2, Match(CONCATENATE("*", BlackP1, "*"), MatchPlay2, false), 0),MatchPlay2_VL, 3, false) = "halved", "halved", If(VLOOKUP(INDEX(MatchPlay2, Match(CONCATENATE("*", BlackP1, "*"), MatchPlay2, false), 0),MatchPlay2_VL, 3, false) <> "AS", if(left(VLOOKUP(INDEX(MatchPlay2, Match(CONCATENATE("*", BlackP1, "*"), MatchPlay2, false), 0),MatchPlay2_VL, 3, false), 1) = "a", "W", "L"), "TBD")))} -> L | D4: {=If(VLOOKUP(INDEX(MatchPlay3, Match(CONCATENATE("*", BlackP1, "*"), MatchPlay3, false), 0),MatchPlay3_VL, 2, false) = 0, "TBD", if(VLOOKUP(INDEX(MatchPlay3, Match(CONCATENATE("*", BlackP1, "*"), MatchPlay3, false), 0),MatchPlay3_VL, 3, false) = "halved", "halved", If(VLOOKUP(INDEX(MatchPlay3, Match(CONCATENATE("*", BlackP1, "*"), MatchPlay3, false), 0),MatchPlay3_VL, 3, false) <> "AS", if(left(VLOOKUP(INDEX(MatchPlay3, Match(CONCATENATE("*", BlackP1, "*"), MatchPlay3, false), 0),MatchPlay3_VL, 3, false), 1) = "b", "W", "L"), "TBD")))} -> #N/A | E4: =SUM(IFS(B4="W", MPPointsW, B4="L", MPPointsL, B4="halved", MPPointsH, B4="TBD", "0"), IFS(C4="W", MPPointsW, C4="L", MPPointsL, C4="halved", MPPointsH, C4="TBD", "0"), IFS(D4="W", MPPointsW, D4="L", MPPointsL, D4="halved", MPPointsH, D4="TBD", "0")) -> #N/A | F4: =IFS(LARGE(MPFlight1Total, 1)=E4, 1, LARGE(MPFlight1Total, 2)=E4, 2, LARGE(MPFlight1Total, 3)=E4, 3, LARGE(MPFlight1Total, 4)=E4, 4) -> #N/A | G4: 4 | H4: =If(C4="TBD", 0, VLOOKUP(G4,MatchPlayPoints_VL, 2, false)) -> 0
A5: =BlueP1 -> Will (B) | B5: {=If(VLOOKUP(INDEX(MatchPlay1, Match(CONCATENATE("*", BlueP1, "*"), MatchPlay1, false), 0),MatchPlay1_VL, 2, false) = 0, "TBD", if(VLOOKUP(INDEX(MatchPlay1, Match(CONCATENATE("*", BlueP1, "*"), MatchPlay1, false), 0),MatchPlay1_VL, 3, false) = "halved", "halved", If(VLOOKUP(INDEX(MatchPlay1, Match(CONCATENATE("*", BlueP1, "*"), MatchPlay1, false), 0),MatchPlay1_VL, 3, false) <> "AS", if(left(VLOOKUP(INDEX(MatchPlay1, Match(CONCATENATE("*", BlueP1, "*"), MatchPlay1, false), 0),MatchPlay1_VL, 3, false), 1) = "a", "W", "L"), "TBD")))} -> L | C5: {=If(VLOOKUP(INDEX(MatchPlay2, Match(CONCATENATE("*", BlueP1, "*"), MatchPlay2, false), 0),MatchPlay2_VL, 2, false) = 0, "TBD", if(VLOOKUP(INDEX(MatchPlay2, Match(CONCATENATE("*", BlueP1, "*"), MatchPlay2, false), 0),MatchPlay2_VL, 3, false) = "halved", "halved", If(VLOOKUP(INDEX(MatchPlay2, Match(CONCATENATE("*", BlueP1, "*"), MatchPlay2, false), 0),MatchPlay2_VL, 3, false) <> "AS", if(left(VLOOKUP(INDEX(MatchPlay2, Match(CONCATENATE("*", BlueP1, "*"), MatchPlay2, false), 0),MatchPlay2_VL, 3, false), 1) = "b", "W", "L"), "TBD")))} -> #N/A | D5: {=If(VLOOKUP(INDEX(MatchPlay3, Match(CONCATENATE("*", BlueP1, "*"), MatchPlay3, false), 0),MatchPlay3_VL, 2, false) = 0, "TBD", if(VLOOKUP(INDEX(MatchPlay3, Match(CONCATENATE("*", BlueP1, "*"), MatchPlay3, false), 0),MatchPlay3_VL, 3, false) = "halved", "halved", If(VLOOKUP(INDEX(MatchPlay3, Match(CONCATENATE("*", BlueP1, "*"), MatchPlay3, false), 0),MatchPlay3_VL, 3, false) <> "AS", if(left(VLOOKUP(INDEX(MatchPlay3, Match(CONCATENATE("*", BlueP1, "*"), MatchPlay3, false), 0),MatchPlay3_VL, 3, false), 1) = "b", "W", "L"), "TBD")))} -> #N/A | E5: =SUM(IFS(B5="W", MPPointsW, B5="L", MPPointsL, B5="halved", MPPointsH, B5="TBD", "0"), IFS(C5="W", MPPointsW, C5="L", MPPointsL, C5="halved", MPPointsH, C5="TBD", "0"), IFS(D5="W", MPPointsW, D5="L", MPPointsL, D5="halved", MPPointsH, D5="TBD", "0")) -> #N/A | F5: =IFS(LARGE(MPFlight1Total, 1)=E5, 1, LARGE(MPFlight1Total, 2)=E5, 2, LARGE(MPFlight1Total, 3)=E5, 3, LARGE(MPFlight1Total, 4)=E5, 4) -> #N/A | G5: 3 | H5: =If(C5="TBD", 0, VLOOKUP(G5,MatchPlayPoints_VL, 2, false)) -> #N/A
A6: =RedP1 -> Troy (R) | B6: {=If(VLOOKUP(INDEX(MatchPlay1, Match(CONCATENATE("*", RedP1, "*"), MatchPlay1, false), 0),MatchPlay1_VL, 2, false) = 0, "TBD", if(VLOOKUP(INDEX(MatchPlay1, Match(CONCATENATE("*", RedP1, "*"), MatchPlay1, false), 0),MatchPlay1_VL, 3, false) = "halved", "halved", If(VLOOKUP(INDEX(MatchPlay1, Match(CONCATENATE("*", RedP1, "*"), MatchPlay1, false), 0),MatchPlay1_VL, 3, false) <> "AS", if(left(VLOOKUP(INDEX(MatchPlay1, Match(CONCATENATE("*", RedP1, "*"), MatchPlay1, false), 0),MatchPlay1_VL, 3, false), 1) = "b", "W", "L"), "TBD")))} -> #N/A | C6: {=If(VLOOKUP(INDEX(MatchPlay2, Match(CONCATENATE("*", RedP1, "*"), MatchPlay2, false), 0),MatchPlay2_VL, 2, false) = 0, "TBD", if(VLOOKUP(INDEX(MatchPlay2, Match(CONCATENATE("*", RedP1, "*"), MatchPlay2, false), 0),MatchPlay2_VL, 3, false) = "halved", "halved", If(VLOOKUP(INDEX(MatchPlay2, Match(CONCATENATE("*", RedP1, "*"), MatchPlay2, false), 0),MatchPlay2_VL, 3, false) <> "AS", if(left(VLOOKUP(INDEX(MatchPlay2, Match(CONCATENATE("*", RedP1, "*"), MatchPlay2, false), 0),MatchPlay2_VL, 3, false), 1) = "b", "W", "L"), "TBD")))} -> #N/A | D6: {=If(VLOOKUP(INDEX(MatchPlay3, Match(CONCATENATE("*", RedP1, "*"), MatchPlay3, false), 0),MatchPlay3_VL, 2, false) = 0, "TBD", if(VLOOKUP(INDEX(MatchPlay3, Match(CONCATENATE("*", RedP1, "*"), MatchPlay3, false), 0),MatchPlay3_VL, 3, false) = "halved", "halved", If(VLOOKUP(INDEX(MatchPlay3, Match(CONCATENATE("*", RedP1, "*"), MatchPlay3, false), 0),MatchPlay3_VL, 3, false) <> "AS", if(left(VLOOKUP(INDEX(MatchPlay3, Match(CONCATENATE("*", RedP1, "*"), MatchPlay3, false), 0),MatchPlay3_VL, 3, false), 1) = "a", "W", "L"), "TBD")))} -> L | E6: =SUM(IFS(B6="W", MPPointsW, B6="L", MPPointsL, B6="halved", MPPointsH, B6="TBD", "0"), IFS(C6="W", MPPointsW, C6="L", MPPointsL, C6="halved", MPPointsH, C6="TBD", "0"), IFS(D6="W", MPPointsW, D6="L", MPPointsL, D6="halved", MPPointsH, D6="TBD", "0")) -> #N/A | F6: =IFS(LARGE(MPFlight1Total, 1)=E6, 1, LARGE(MPFlight1Total, 2)=E6, 2, LARGE(MPFlight1Total, 3)=E6, 3, LARGE(MPFlight1Total, 4)=E6, 4) -> #N/A | G6: =If(C6="TBD", 0, F6) -> #N/A | H6: =If(C6="TBD", 0, VLOOKUP(G6,MatchPlayPoints_VL, 2, false)) -> #N/A
A8: FLIGHT 2
A9: Player | B9: M1 | C9: M2 | D9: M3 | E9: Total Points | F9: Flight Finish | G9: Flight Finish | H9: Ryder Cup Points
A10: =WhiteP2 -> Dutch (W) | B10: {=If(VLOOKUP(INDEX(MatchPlay1, Match(CONCATENATE("*", WhiteP2, "*"), MatchPlay1, false), 0),MatchPlay1_VL, 2, false) = 0, "TBD", if(VLOOKUP(INDEX(MatchPlay1, Match(CONCATENATE("*", WhiteP2, "*"), MatchPlay1, false), 0),MatchPlay1_VL, 3, false) = "halved", "halved", If(VLOOKUP(INDEX(MatchPlay1, Match(CONCATENATE("*", WhiteP2, "*"), MatchPlay1, false), 0),MatchPlay1_VL, 3, false) <> "AS", if(left(VLOOKUP(INDEX(MatchPlay1, Match(CONCATENATE("*", WhiteP2, "*"), MatchPlay1, false), 0),MatchPlay1_VL, 3, false), 1) = "a", "W", "L"), "TBD")))} -> L | C10: {=If(VLOOKUP(INDEX(MatchPlay2, Match(CONCATENATE("*", WhiteP2, "*"), MatchPlay2, false), 0),MatchPlay2_VL, 2, false) = 0, "TBD", if(VLOOKUP(INDEX(MatchPlay2, Match(CONCATENATE("*", WhiteP2, "*"), MatchPlay2, false), 0),MatchPlay2_VL, 3, false) = "halved", "halved", If(VLOOKUP(INDEX(MatchPlay2, Match(CONCATENATE("*", WhiteP2, "*"), MatchPlay2, false), 0),MatchPlay2_VL, 3, false) <> "AS", if(left(VLOOKUP(INDEX(MatchPlay2, Match(CONCATENATE("*", WhiteP2, "*"), MatchPlay2, false), 0),MatchPlay2_VL, 3, false), 1) = "a", "W", "L"), "TBD")))} -> L | D10: {=If(VLOOKUP(INDEX(MatchPlay3, Match(CONCATENATE("*", WhiteP2, "*"), MatchPlay3, false), 0),MatchPlay3_VL, 2, false) = 0, "TBD", if(VLOOKUP(INDEX(MatchPlay3, Match(CONCATENATE("*", WhiteP2, "*"), MatchPlay3, false), 0),MatchPlay3_VL, 3, false) = "halved", "halved", If(VLOOKUP(INDEX(MatchPlay3, Match(CONCATENATE("*", WhiteP2, "*"), MatchPlay3, false), 0),MatchPlay3_VL, 3, false) <> "AS", if(left(VLOOKUP(INDEX(MatchPlay3, Match(CONCATENATE("*", WhiteP2, "*"), MatchPlay3, false), 0),MatchPlay3_VL, 3, false), 1) = "a", "W", "L"), "TBD")))} -> L | E10: =SUM(IFS(B10="W", MPPointsW, B10="L", MPPointsL, B10="halved", MPPointsH, B10="TBD", "0"), IFS(C10="W", MPPointsW, C10="L", MPPointsL, C10="halved", MPPointsH, C10="TBD", "0"), IFS(D10="W", MPPointsW, D10="L", MPPointsL, D10="halved", MPPointsH, D10="TBD", "0")) -> 0 | F10: =IFS(LARGE(MPFlight2Total, 1)=E10, 1, LARGE(MPFlight2Total, 2)=E10, 2, LARGE(MPFlight2Total, 3)=E10, 3, LARGE(MPFlight2Total, 4)=E10, 4) -> #N/A | G10: =If(C10="TBD", 0, F10) -> #N/A | H10: =If(C10="TBD", 0, VLOOKUP(G10,MatchPlayPoints_VL, 2, false)) -> #N/A
A11: =BlackP2 -> Rocky (A) | B11: {=If(VLOOKUP(INDEX(MatchPlay1, Match(CONCATENATE("*", BlackP2, "*"), MatchPlay1, false), 0),MatchPlay1_VL, 2, false) = 0, "TBD", if(VLOOKUP(INDEX(MatchPlay1, Match(CONCATENATE("*", BlackP2, "*"), MatchPlay1, false), 0),MatchPlay1_VL, 3, false) = "halved", "halved", If(VLOOKUP(INDEX(MatchPlay1, Match(CONCATENATE("*", BlackP2, "*"), MatchPlay1, false), 0),MatchPlay1_VL, 3, false) <> "AS", if(left(VLOOKUP(INDEX(MatchPlay1, Match(CONCATENATE("*", BlackP2, "*"), MatchPlay1, false), 0),MatchPlay1_VL, 3, false), 1) = "a", "W", "L"), "TBD")))} -> L | C11: {=If(VLOOKUP(INDEX(MatchPlay2, Match(CONCATENATE("*", BlackP2, "*"), MatchPlay2, false), 0),MatchPlay2_VL, 2, false) = 0, "TBD", if(VLOOKUP(INDEX(MatchPlay2, Match(CONCATENATE("*", BlackP2, "*"), MatchPlay2, false), 0),MatchPlay2_VL, 3, false) = "halved", "halved", If(VLOOKUP(INDEX(MatchPlay2, Match(CONCATENATE("*", BlackP2, "*"), MatchPlay2, false), 0),MatchPlay2_VL, 3, false) <> "AS", if(left(VLOOKUP(INDEX(MatchPlay2, Match(CONCATENATE("*", BlackP2, "*"), MatchPlay2, false), 0),MatchPlay2_VL, 3, false), 1) = "b", "W", "L"), "TBD")))} -> #N/A | D11: {=If(VLOOKUP(INDEX(MatchPlay3, Match(CONCATENATE("*", BlackP2, "*"), MatchPlay3, false), 0),MatchPlay3_VL, 2, false) = 0, "TBD", if(VLOOKUP(INDEX(MatchPlay3, Match(CONCATENATE("*", BlackP2, "*"), MatchPlay3, false), 0),MatchPlay3_VL, 3, false) = "halved", "halved", If(VLOOKUP(INDEX(MatchPlay3, Match(CONCATENATE("*", BlackP2, "*"), MatchPlay3, false), 0),MatchPlay3_VL, 3, false) <> "AS", if(left(VLOOKUP(INDEX(MatchPlay3, Match(CONCATENATE("*", BlackP2, "*"), MatchPlay3, false), 0),MatchPlay3_VL, 3, false), 1) = "b", "W", "L"), "TBD")))} -> #N/A | E11: =SUM(IFS(B11="W", MPPointsW, B11="L", MPPointsL, B11="halved", MPPointsH, B11="TBD", "0"), IFS(C11="W", MPPointsW, C11="L", MPPointsL, C11="halved", MPPointsH, C11="TBD", "0"), IFS(D11="W", MPPointsW, D11="L", MPPointsL, D11="halved", MPPointsH, D11="TBD", "0")) -> #N/A | F11: =IFS(LARGE(MPFlight2Total, 1)=E11, 1, LARGE(MPFlight2Total, 2)=E11, 2, LARGE(MPFlight2Total, 3)=E11, 3, LARGE(MPFlight2Total, 4)=E11, 4) -> #N/A | G11: =If(C11="TBD", 0, F11) -> #N/A | H11: =If(C11="TBD", 0, VLOOKUP(G11,MatchPlayPoints_VL, 2, false)) -> #N/A
A12: =BlueP2 -> Miller (B) | B12: {=If(VLOOKUP(INDEX(MatchPlay1, Match(CONCATENATE("*", BlueP2, "*"), MatchPlay1, false), 0),MatchPlay1_VL, 2, false) = 0, "TBD", if(VLOOKUP(INDEX(MatchPlay1, Match(CONCATENATE("*", BlueP2, "*"), MatchPlay1, false), 0),MatchPlay1_VL, 3, false) = "halved", "halved", If(VLOOKUP(INDEX(MatchPlay1, Match(CONCATENATE("*", BlueP2, "*"), MatchPlay1, false), 0),MatchPlay1_VL, 3, false) <> "AS", if(left(VLOOKUP(INDEX(MatchPlay1, Match(CONCATENATE("*", BlueP2, "*"), MatchPlay1, false), 0),MatchPlay1_VL, 3, false), 1) = "b", "W", "L"), "TBD")))} -> #N/A | C12: {=If(VLOOKUP(INDEX(MatchPlay2, Match(CONCATENATE("*", BlueP2, "*"), MatchPlay2, false), 0),MatchPlay2_VL, 2, false) = 0, "TBD", if(VLOOKUP(INDEX(MatchPlay2, Match(CONCATENATE("*", BlueP2, "*"), MatchPlay2, false), 0),MatchPlay2_VL, 3, false) = "halved", "halved", If(VLOOKUP(INDEX(MatchPlay2, Match(CONCATENATE("*", BlueP2, "*"), MatchPlay2, false), 0),MatchPlay2_VL, 3, false) <> "AS", if(left(VLOOKUP(INDEX(MatchPlay2, Match(CONCATENATE("*", BlueP2, "*"), MatchPlay2, false), 0),MatchPlay2_VL, 3, false), 1) = "b", "W", "L"), "TBD")))} -> #N/A | D12: {=If(VLOOKUP(INDEX(MatchPlay3, Match(CONCATENATE("*", BlueP2, "*"), MatchPlay3, false), 0),MatchPlay3_VL, 2, false) = 0, "TBD", if(VLOOKUP(INDEX(MatchPlay3, Match(CONCATENATE("*", BlueP2, "*"), MatchPlay3, false), 0),MatchPlay3_VL, 3, false) = "halved", "halved", If(VLOOKUP(INDEX(MatchPlay3, Match(CONCATENATE("*", BlueP2, "*"), MatchPlay3, false), 0),MatchPlay3_VL, 3, false) <> "AS", if(left(VLOOKUP(INDEX(MatchPlay3, Match(CONCATENATE("*", BlueP2, "*"), MatchPlay3, false), 0),MatchPlay3_VL, 3, false), 1) = "a", "W", "L"), "TBD")))} -> L | E12: =SUM(IFS(B12="W", MPPointsW, B12="L", MPPointsL, B12="halved", MPPointsH, B12="TBD", "0"), IFS(C12="W", MPPointsW, C12="L", MPPointsL, C12="halved", MPPointsH, C12="TBD", "0"), IFS(D12="W", MPPointsW, D12="L", MPPointsL, D12="halved", MPPointsH, D12="TBD", "0")) -> #N/A | F12: =IFS(LARGE(MPFlight2Total, 1)=E12, 1, LARGE(MPFlight2Total, 2)=E12, 2, LARGE(MPFlight2Total, 3)=E12, 3, LARGE(MPFlight2Total, 4)=E12, 4) -> #N/A | G12: =If(C12="TBD", 0, F12) -> #N/A | H12: =If(C12="TBD", 0, VLOOKUP(G12,MatchPlayPoints_VL, 2, false)) -> #N/A
A13: =RedP2 -> Ryan (R) | B13: {=If(VLOOKUP(INDEX(MatchPlay1, Match(CONCATENATE("*", RedP2, "*"), MatchPlay1, false), 0),MatchPlay1_VL, 2, false) = 0, "TBD", if(VLOOKUP(INDEX(MatchPlay1, Match(CONCATENATE("*", RedP2, "*"), MatchPlay1, false), 0),MatchPlay1_VL, 3, false) = "halved", "halved", If(VLOOKUP(INDEX(MatchPlay1, Match(CONCATENATE("*", RedP2, "*"), MatchPlay1, false), 0),MatchPlay1_VL, 3, false) <> "AS", if(left(VLOOKUP(INDEX(MatchPlay1, Match(CONCATENATE("*", RedP2, "*"), MatchPlay1, false), 0),MatchPlay1_VL, 3, false), 1) = "b", "W", "L"), "TBD")))} -> #N/A | C13: {=If(VLOOKUP(INDEX(MatchPlay2, Match(CONCATENATE("*", RedP2, "*"), MatchPlay2, false), 0),MatchPlay2_VL, 2, false) = 0, "TBD", if(VLOOKUP(INDEX(MatchPlay2, Match(CONCATENATE("*", RedP2, "*"), MatchPlay2, false), 0),MatchPlay2_VL, 3, false) = "halved", "halved", If(VLOOKUP(INDEX(MatchPlay2, Match(CONCATENATE("*", RedP2, "*"), MatchPlay2, false), 0),MatchPlay2_VL, 3, false) <> "AS", if(left(VLOOKUP(INDEX(MatchPlay2, Match(CONCATENATE("*", RedP2, "*"), MatchPlay2, false), 0),MatchPlay2_VL, 3, false), 1) = "a", "W", "L"), "TBD")))} -> L | D13: {=If(VLOOKUP(INDEX(MatchPlay3, Match(CONCATENATE("*", RedP2, "*"), MatchPlay3, false), 0),MatchPlay3_VL, 2, false) = 0, "TBD", if(VLOOKUP(INDEX(MatchPlay3, Match(CONCATENATE("*", RedP2, "*"), MatchPlay3, false), 0),MatchPlay3_VL, 3, false) = "halved", "halved", If(VLOOKUP(INDEX(MatchPlay3, Match(CONCATENATE("*", RedP2, "*"), MatchPlay3, false), 0),MatchPlay3_VL, 3, false) <> "AS", if(left(VLOOKUP(INDEX(MatchPlay3, Match(CONCATENATE("*", RedP2, "*"), MatchPlay3, false), 0),MatchPlay3_VL, 3, false), 1) = "b", "W", "L"), "TBD")))} -> #N/A | E13: =SUM(IFS(B13="W", MPPointsW, B13="L", MPPointsL, B13="halved", MPPointsH, B13="TBD", "0"), IFS(C13="W", MPPointsW, C13="L", MPPointsL, C13="halved", MPPointsH, C13="TBD", "0"), IFS(D13="W", MPPointsW, D13="L", MPPointsL, D13="halved", MPPointsH, D13="TBD", "0")) -> #N/A | F13: =IFS(LARGE(MPFlight2Total, 1)=E13, 1, LARGE(MPFlight2Total, 2)=E13, 2, LARGE(MPFlight2Total, 3)=E13, 3, LARGE(MPFlight2Total, 4)=E13, 4) -> #N/A | G13: =If(C13="TBD", 0, F13) -> #N/A | H13: =If(C13="TBD", 0, VLOOKUP(G13,MatchPlayPoints_VL, 2, false)) -> #N/A
A15: FLIGHT 3
A16: Player | B16: M1 | C16: M2 | D16: M3 | E16: Total Points | F16: Flight Finish | G16: Flight Finish | H16: Ryder Cup Points
A17: =WhiteP3 -> Adam (W) | B17: {=If(VLOOKUP(INDEX(MatchPlay1, Match(CONCATENATE("*", WhiteP3, "*"), MatchPlay1, false), 0),MatchPlay1_VL, 2, false) = 0, "TBD", if(VLOOKUP(INDEX(MatchPlay1, Match(CONCATENATE("*", WhiteP3, "*"), MatchPlay1, false), 0),MatchPlay1_VL, 3, false) = "halved", "halved", If(VLOOKUP(INDEX(MatchPlay1, Match(CONCATENATE("*", WhiteP3, "*"), MatchPlay1, false), 0),MatchPlay1_VL, 3, false) <> "AS", if(left(VLOOKUP(INDEX(MatchPlay1, Match(CONCATENATE("*", WhiteP3, "*"), MatchPlay1, false), 0),MatchPlay1_VL, 3, false), 1) = "a", "W", "L"), "TBD")))} -> L | C17: {=If(VLOOKUP(INDEX(MatchPlay2, Match(CONCATENATE("*", WhiteP3, "*"), MatchPlay2, false), 0),MatchPlay2_VL, 2, false) = 0, "TBD", if(VLOOKUP(INDEX(MatchPlay2, Match(CONCATENATE("*", WhiteP3, "*"), MatchPlay2, false), 0),MatchPlay2_VL, 3, false) = "halved", "halved", If(VLOOKUP(INDEX(MatchPlay2, Match(CONCATENATE("*", WhiteP3, "*"), MatchPlay2, false), 0),MatchPlay2_VL, 3, false) <> "AS", if(left(VLOOKUP(INDEX(MatchPlay2, Match(CONCATENATE("*", WhiteP3, "*"), MatchPlay2, false), 0),MatchPlay2_VL, 3, false), 1) = "a", "W", "L"), "TBD")))} -> L | D17: {=If(VLOOKUP(INDEX(MatchPlay3, Match(CONCATENATE("*", WhiteP3, "*"), MatchPlay3, false), 0),MatchPlay3_VL, 2, false) = 0, "TBD", if(VLOOKUP(INDEX(MatchPlay3, Match(CONCATENATE("*", WhiteP3, "*"), MatchPlay3, false), 0),MatchPlay3_VL, 3, false) = "halved", "halved", If(VLOOKUP(INDEX(MatchPlay3, Match(CONCATENATE("*", WhiteP3, "*"), MatchPlay3, false), 0),MatchPlay3_VL, 3, false) <> "AS", if(left(VLOOKUP(INDEX(MatchPlay3, Match(CONCATENATE("*", WhiteP3, "*"), MatchPlay3, false), 0),MatchPlay3_VL, 3, false), 1) = "a", "W", "L"), "TBD")))} -> L | E17: =SUM(IFS(B17="W", MPPointsW, B17="L", MPPointsL, B17="halved", MPPointsH, B17="TBD", "0"), IFS(C17="W", MPPointsW, C17="L", MPPointsL, C17="halved", MPPointsH, C17="TBD", "0"), IFS(D17="W", MPPointsW, D17="L", MPPointsL, D17="halved", MPPointsH, D17="TBD", "0")) -> 0 | F17: =IFS(LARGE(MPFlight3Total, 1)=E17, 1, LARGE(MPFlight3Total, 2)=E17, 2, LARGE(MPFlight3Total, 3)=E17, 3, LARGE(MPFlight3Total, 4)=E17, 4) -> #N/A | G17: =If(C17="TBD", 0, F17) -> #N/A | H17: =If(C17="TBD", 0, VLOOKUP(G17,MatchPlayPoints_VL, 2, false)) -> #N/A
A18: =BlackP3 -> Andy (A) | B18: {=If(VLOOKUP(INDEX(MatchPlay1, Match(CONCATENATE("*", BlackP3, "*"), MatchPlay1, false), 0),MatchPlay1_VL, 2, false) = 0, "TBD", if(VLOOKUP(INDEX(MatchPlay1, Match(CONCATENATE("*", BlackP3, "*"), MatchPlay1, false), 0),MatchPlay1_VL, 3, false) = "halved", "halved", If(VLOOKUP(INDEX(MatchPlay1, Match(CONCATENATE("*", BlackP3, "*"), MatchPlay1, false), 0),MatchPlay1_VL, 3, false) <> "AS", if(left(VLOOKUP(INDEX(MatchPlay1, Match(CONCATENATE("*", BlackP3, "*"), MatchPlay1, false), 0),MatchPlay1_VL, 3, false), 1) = "b", "W", "L"), "TBD")))} -> #N/A | C18: {=If(VLOOKUP(INDEX(MatchPlay2, Match(CONCATENATE("*", BlackP3, "*"), MatchPlay2, false), 0),MatchPlay2_VL, 2, false) = 0, "TBD", if(VLOOKUP(INDEX(MatchPlay2, Match(CONCATENATE("*", BlackP3, "*"), MatchPlay2, false), 0),MatchPlay2_VL, 3, false) = "halved", "halved", If(VLOOKUP(INDEX(MatchPlay2, Match(CONCATENATE("*", BlackP3, "*"), MatchPlay2, false), 0),MatchPlay2_VL, 3, false) <> "AS", if(left(VLOOKUP(INDEX(MatchPlay2, Match(CONCATENATE("*", BlackP3, "*"), MatchPlay2, false), 0),MatchPlay2_VL, 3, false), 1) = "b", "W", "L"), "TBD")))} -> #N/A | D18: {=If(VLOOKUP(INDEX(MatchPlay3, Match(CONCATENATE("*", BlackP3, "*"), MatchPlay3, false), 0),MatchPlay3_VL, 2, false) = 0, "TBD", if(VLOOKUP(INDEX(MatchPlay3, Match(CONCATENATE("*", BlackP3, "*"), MatchPlay3, false), 0),MatchPlay3_VL, 3, false) = "halved", "halved", If(VLOOKUP(INDEX(MatchPlay3, Match(CONCATENATE("*", BlackP3, "*"), MatchPlay3, false), 0),MatchPlay3_VL, 3, false) <> "AS", if(left(VLOOKUP(INDEX(MatchPlay3, Match(CONCATENATE("*", BlackP3, "*"), MatchPlay3, false), 0),MatchPlay3_VL, 3, false), 1) = "a", "W", "L"), "TBD")))} -> L | E18: =SUM(IFS(B18="W", MPPointsW, B18="L", MPPointsL, B18="halved", MPPointsH, B18="TBD", "0"), IFS(C18="W", MPPointsW, C18="L", MPPointsL, C18="halved", MPPointsH, C18="TBD", "0"), IFS(D18="W", MPPointsW, D18="L", MPPointsL, D18="halved", MPPointsH, D18="TBD", "0")) -> #N/A | F18: =IFS(LARGE(MPFlight3Total, 1)=E18, 1, LARGE(MPFlight3Total, 2)=E18, 2, LARGE(MPFlight3Total, 3)=E18, 3, LARGE(MPFlight3Total, 4)=E18, 4) -> #N/A | G18: =If(C18="TBD", 0, F18) -> #N/A | H18: =If(C18="TBD", 0, VLOOKUP(G18,MatchPlayPoints_VL, 2, false)) -> #N/A
A19: =BlueP3 -> Joe (B) | B19: {=If(VLOOKUP(INDEX(MatchPlay1, Match(CONCATENATE("*", BlueP3, "*"), MatchPlay1, false), 0),MatchPlay1_VL, 2, false) = 0, "TBD", if(VLOOKUP(INDEX(MatchPlay1, Match(CONCATENATE("*", BlueP3, "*"), MatchPlay1, false), 0),MatchPlay1_VL, 3, false) = "halved", "halved", If(VLOOKUP(INDEX(MatchPlay1, Match(CONCATENATE("*", BlueP3, "*"), MatchPlay1, false), 0),MatchPlay1_VL, 3, false) <> "AS", if(left(VLOOKUP(INDEX(MatchPlay1, Match(CONCATENATE("*", BlueP3, "*"), MatchPlay1, false), 0),MatchPlay1_VL, 3, false), 1) = "b", "W", "L"), "TBD")))} -> #N/A | C19: {=If(VLOOKUP(INDEX(MatchPlay2, Match(CONCATENATE("*", BlueP3, "*"), MatchPlay2, false), 0),MatchPlay2_VL, 2, false) = 0, "TBD", if(VLOOKUP(INDEX(MatchPlay2, Match(CONCATENATE("*", BlueP3, "*"), MatchPlay2, false), 0),MatchPlay2_VL, 3, false) = "halved", "halved", If(VLOOKUP(INDEX(MatchPlay2, Match(CONCATENATE("*", BlueP3, "*"), MatchPlay2, false), 0),MatchPlay2_VL, 3, false) <> "AS", if(left(VLOOKUP(INDEX(MatchPlay2, Match(CONCATENATE("*", BlueP3, "*"), MatchPlay2, false), 0),MatchPlay2_VL, 3, false), 1) = "a", "W", "L"), "TBD")))} -> L | D19: {=If(VLOOKUP(INDEX(MatchPlay3, Match(CONCATENATE("*", BlueP3, "*"), MatchPlay3, false), 0),MatchPlay3_VL, 2, false) = 0, "TBD", if(VLOOKUP(INDEX(MatchPlay3, Match(CONCATENATE("*", BlueP3, "*"), MatchPlay3, false), 0),MatchPlay3_VL, 3, false) = "halved", "halved", If(VLOOKUP(INDEX(MatchPlay3, Match(CONCATENATE("*", BlueP3, "*"), MatchPlay3, false), 0),MatchPlay3_VL, 3, false) <> "AS", if(left(VLOOKUP(INDEX(MatchPlay3, Match(CONCATENATE("*", BlueP3, "*"), MatchPlay3, false), 0),MatchPlay3_VL, 3, false), 1) = "b", "W", "L"), "TBD")))} -> #N/A | E19: =SUM(IFS(B19="W", MPPointsW, B19="L", MPPointsL, B19="halved", MPPointsH, B19="TBD", "0"), IFS(C19="W", MPPointsW, C19="L", MPPointsL, C19="halved", MPPointsH, C19="TBD", "0"), IFS(D19="W", MPPointsW, D19="L", MPPointsL, D19="halved", MPPointsH, D19="TBD", "0")) -> #N/A | F19: =IFS(LARGE(MPFlight3Total, 1)=E19, 1, LARGE(MPFlight3Total, 2)=E19, 2, LARGE(MPFlight3Total, 3)=E19, 3, LARGE(MPFlight3Total, 4)=E19, 4) -> #N/A | G19: =If(C19="TBD", 0, F19) -> #N/A | H19: =If(C19="TBD", 0, VLOOKUP(G19,MatchPlayPoints_VL, 2, false)) -> #N/A
A20: =RedP3 -> Tyler (R) | B20: {=If(VLOOKUP(INDEX(MatchPlay1, Match(CONCATENATE("*", RedP3, "*"), MatchPlay1, false), 0),MatchPlay1_VL, 2, false) = 0, "TBD", if(VLOOKUP(INDEX(MatchPlay1, Match(CONCATENATE("*", RedP3, "*"), MatchPlay1, false), 0),MatchPlay1_VL, 3, false) = "halved", "halved", If(VLOOKUP(INDEX(MatchPlay1, Match(CONCATENATE("*", RedP3, "*"), MatchPlay1, false), 0),MatchPlay1_VL, 3, false) <> "AS", if(left(VLOOKUP(INDEX(MatchPlay1, Match(CONCATENATE("*", RedP3, "*"), MatchPlay1, false), 0),MatchPlay1_VL, 3, false), 1) = "a", "W", "L"), "TBD")))} -> L | C20: {=If(VLOOKUP(INDEX(MatchPlay2, Match(CONCATENATE("*", RedP3, "*"), MatchPlay2, false), 0),MatchPlay2_VL, 2, false) = 0, "TBD", if(VLOOKUP(INDEX(MatchPlay2, Match(CONCATENATE("*", RedP3, "*"), MatchPlay2, false), 0),MatchPlay2_VL, 3, false) = "halved", "halved", If(VLOOKUP(INDEX(MatchPlay2, Match(CONCATENATE("*", RedP3, "*"), MatchPlay2, false), 0),MatchPlay2_VL, 3, false) <> "AS", if(left(VLOOKUP(INDEX(MatchPlay2, Match(CONCATENATE("*", RedP3, "*"), MatchPlay2, false), 0),MatchPlay2_VL, 3, false), 1) = "b", "W", "L"), "TBD")))} -> #N/A | D20: {=If(VLOOKUP(INDEX(MatchPlay3, Match(CONCATENATE("*", RedP3, "*"), MatchPlay3, false), 0),MatchPlay3_VL, 2, false) = 0, "TBD", if(VLOOKUP(INDEX(MatchPlay3, Match(CONCATENATE("*", RedP3, "*"), MatchPlay3, false), 0),MatchPlay3_VL, 3, false) = "halved", "halved", If(VLOOKUP(INDEX(MatchPlay3, Match(CONCATENATE("*", RedP3, "*"), MatchPlay3, false), 0),MatchPlay3_VL, 3, false) <> "AS", if(left(VLOOKUP(INDEX(MatchPlay3, Match(CONCATENATE("*", RedP3, "*"), MatchPlay3, false), 0),MatchPlay3_VL, 3, false), 1) = "b", "W", "L"), "TBD")))} -> #N/A | E20: =SUM(IFS(B20="W", MPPointsW, B20="L", MPPointsL, B20="halved", MPPointsH, B20="TBD", "0"), IFS(C20="W", MPPointsW, C20="L", MPPointsL, C20="halved", MPPointsH, C20="TBD", "0"), IFS(D20="W", MPPointsW, D20="L", MPPointsL, D20="halved", MPPointsH, D20="TBD", "0")) -> #N/A | F20: =IFS(LARGE(MPFlight3Total, 1)=E20, 1, LARGE(MPFlight3Total, 2)=E20, 2, LARGE(MPFlight3Total, 3)=E20, 3, LARGE(MPFlight3Total, 4)=E20, 4) -> #N/A | G20: =If(C20="TBD", 0, F20) -> #N/A | H20: =If(C20="TBD", 0, VLOOKUP(G20,MatchPlayPoints_VL, 2, false)) -> #N/A
A22: FLIGHT 4
A23: Player | B23: M1 | C23: M2 | D23: M3 | E23: Total Points | F23: Flight Finish | G23: Flight Finish | H23: Ryder Cup Points
A24: =WhiteP4 -> Chad (W) | B24: {=If(VLOOKUP(INDEX(MatchPlay1, Match(CONCATENATE("*", WhiteP4, "*"), MatchPlay1, false), 0),MatchPlay1_VL, 2, false) = 0, "TBD", if(VLOOKUP(INDEX(MatchPlay1, Match(CONCATENATE("*", WhiteP4, "*"), MatchPlay1, false), 0),MatchPlay1_VL, 3, false) = "halved", "halved", If(VLOOKUP(INDEX(MatchPlay1, Match(CONCATENATE("*", WhiteP4, "*"), MatchPlay1, false), 0),MatchPlay1_VL, 3, false) <> "AS", if(left(VLOOKUP(INDEX(MatchPlay1, Match(CONCATENATE("*", WhiteP4, "*"), MatchPlay1, false), 0),MatchPlay1_VL, 3, false), 1) = "a", "W", "L"), "TBD")))} -> L | C24: {=If(VLOOKUP(INDEX(MatchPlay2, Match(CONCATENATE("*", WhiteP4, "*"), MatchPlay2, false), 0),MatchPlay2_VL, 2, false) = 0, "TBD", if(VLOOKUP(INDEX(MatchPlay2, Match(CONCATENATE("*", WhiteP4, "*"), MatchPlay2, false), 0),MatchPlay2_VL, 3, false) = "halved", "halved", If(VLOOKUP(INDEX(MatchPlay2, Match(CONCATENATE("*", WhiteP4, "*"), MatchPlay2, false), 0),MatchPlay2_VL, 3, false) <> "AS", if(left(VLOOKUP(INDEX(MatchPlay2, Match(CONCATENATE("*", WhiteP4, "*"), MatchPlay2, false), 0),MatchPlay2_VL, 3, false), 1) = "a", "W", "L"), "TBD")))} -> L | D24: {=If(VLOOKUP(INDEX(MatchPlay3, Match(CONCATENATE("*", WhiteP4, "*"), MatchPlay3, false), 0),MatchPlay3_VL, 2, false) = 0, "TBD", if(VLOOKUP(INDEX(MatchPlay3, Match(CONCATENATE("*", WhiteP4, "*"), MatchPlay3, false), 0),MatchPlay3_VL, 3, false) = "halved", "halved", If(VLOOKUP(INDEX(MatchPlay3, Match(CONCATENATE("*", WhiteP4, "*"), MatchPlay3, false), 0),MatchPlay3_VL, 3, false) <> "AS", if(left(VLOOKUP(INDEX(MatchPlay3, Match(CONCATENATE("*", WhiteP4, "*"), MatchPlay3, false), 0),MatchPlay3_VL, 3, false), 1) = "a", "W", "L"), "TBD")))} -> L | E24: =SUM(IFS(B24="W", MPPointsW, B24="L", MPPointsL, B24="halved", MPPointsH, B24="TBD", "0"), IFS(C24="W", MPPointsW, C24="L", MPPointsL, C24="halved", MPPointsH, C24="TBD", "0"), IFS(D24="W", MPPointsW, D24="L", MPPointsL, D24="halved", MPPointsH, D24="TBD", "0")) -> 0 | F24: =IFS(LARGE(MPFlight4Total, 1)=E24, 1, LARGE(MPFlight4Total, 2)=E24, 2, LARGE(MPFlight4Total, 3)=E24, 3, LARGE(MPFlight4Total, 4)=E24, 4) -> #N/A | G24: 3 | H24: =If(C24="TBD", 0, VLOOKUP(G24,MatchPlayPoints_VL, 2, false)) -> 0.5
A25: =BlackP4 -> Paul (A) | B25: {=If(VLOOKUP(INDEX(MatchPlay1, Match(CONCATENATE("*", BlackP4, "*"), MatchPlay1, false), 0),MatchPlay1_VL, 2, false) = 0, "TBD", if(VLOOKUP(INDEX(MatchPlay1, Match(CONCATENATE("*", BlackP4, "*"), MatchPlay1, false), 0),MatchPlay1_VL, 3, false) = "halved", "halved", If(VLOOKUP(INDEX(MatchPlay1, Match(CONCATENATE("*", BlackP4, "*"), MatchPlay1, false), 0),MatchPlay1_VL, 3, false) <> "AS", if(left(VLOOKUP(INDEX(MatchPlay1, Match(CONCATENATE("*", BlackP4, "*"), MatchPlay1, false), 0),MatchPlay1_VL, 3, false), 1) = "b", "W", "L"), "TBD")))} -> #N/A | C25: {=If(VLOOKUP(INDEX(MatchPlay2, Match(CONCATENATE("*", BlackP4, "*"), MatchPlay2, false), 0),MatchPlay2_VL, 2, false) = 0, "TBD", if(VLOOKUP(INDEX(MatchPlay2, Match(CONCATENATE("*", BlackP4, "*"), MatchPlay2, false), 0),MatchPlay2_VL, 3, false) = "halved", "halved", If(VLOOKUP(INDEX(MatchPlay2, Match(CONCATENATE("*", BlackP4, "*"), MatchPlay2, false), 0),MatchPlay2_VL, 3, false) <> "AS", if(left(VLOOKUP(INDEX(MatchPlay2, Match(CONCATENATE("*", BlackP4, "*"), MatchPlay2, false), 0),MatchPlay2_VL, 3, false), 1) = "a", "W", "L"), "TBD")))} -> L | D25: {=If(VLOOKUP(INDEX(MatchPlay3, Match(CONCATENATE("*", BlackP4, "*"), MatchPlay3, false), 0),MatchPlay3_VL, 2, false) = 0, "TBD", if(VLOOKUP(INDEX(MatchPlay3, Match(CONCATENATE("*", BlackP4, "*"), MatchPlay3, false), 0),MatchPlay3_VL, 3, false) = "halved", "halved", If(VLOOKUP(INDEX(MatchPlay3, Match(CONCATENATE("*", BlackP4, "*"), MatchPlay3, false), 0),MatchPlay3_VL, 3, false) <> "AS", if(left(VLOOKUP(INDEX(MatchPlay3, Match(CONCATENATE("*", BlackP4, "*"), MatchPlay3, false), 0),MatchPlay3_VL, 3, false), 1) = "b", "W", "L"), "TBD")))} -> #N/A | E25: =SUM(IFS(B25="W", MPPointsW, B25="L", MPPointsL, B25="halved", MPPointsH, B25="TBD", "0"), IFS(C25="W", MPPointsW, C25="L", MPPointsL, C25="halved", MPPointsH, C25="TBD", "0"), IFS(D25="W", MPPointsW, D25="L", MPPointsL, D25="halved", MPPointsH, D25="TBD", "0")) -> #N/A | F25: =IFS(LARGE(MPFlight4Total, 1)=E25, 1, LARGE(MPFlight4Total, 2)=E25, 2, LARGE(MPFlight4Total, 3)=E25, 3, LARGE(MPFlight4Total, 4)=E25, 4) -> #N/A | G25: =If(C25="TBD", 0, F25) -> #N/A | H25: =If(C25="TBD", 0, VLOOKUP(G25,MatchPlayPoints_VL, 2, false)) -> #N/A
A26: =BlueP4 -> Kelly (B) | B26: {=If(VLOOKUP(INDEX(MatchPlay1, Match(CONCATENATE("*", BlueP4, "*"), MatchPlay1, false), 0),MatchPlay1_VL, 2, false) = 0, "TBD", if(VLOOKUP(INDEX(MatchPlay1, Match(CONCATENATE("*", BlueP4, "*"), MatchPlay1, false), 0),MatchPlay1_VL, 3, false) = "halved", "halved", If(VLOOKUP(INDEX(MatchPlay1, Match(CONCATENATE("*", BlueP4, "*"), MatchPlay1, false), 0),MatchPlay1_VL, 3, false) <> "AS", if(left(VLOOKUP(INDEX(MatchPlay1, Match(CONCATENATE("*", BlueP4, "*"), MatchPlay1, false), 0),MatchPlay1_VL, 3, false), 1) = "a", "W", "L"), "TBD")))} -> L | C26: {=If(VLOOKUP(INDEX(MatchPlay2, Match(CONCATENATE("*", BlueP4, "*"), MatchPlay2, false), 0),MatchPlay2_VL, 2, false) = 0, "TBD", if(VLOOKUP(INDEX(MatchPlay2, Match(CONCATENATE("*", BlueP4, "*"), MatchPlay2, false), 0),MatchPlay2_VL, 3, false) = "halved", "halved", If(VLOOKUP(INDEX(MatchPlay2, Match(CONCATENATE("*", BlueP4, "*"), MatchPlay2, false), 0),MatchPlay2_VL, 3, false) <> "AS", if(left(VLOOKUP(INDEX(MatchPlay2, Match(CONCATENATE("*", BlueP4, "*"), MatchPlay2, false), 0),MatchPlay2_VL, 3, false), 1) = "b", "W", "L"), "TBD")))} -> #N/A | D26: {=If(VLOOKUP(INDEX(MatchPlay3, Match(CONCATENATE("*", BlueP4, "*"), MatchPlay3, false), 0),MatchPlay3_VL, 2, false) = 0, "TBD", if(VLOOKUP(INDEX(MatchPlay3, Match(CONCATENATE("*", BlueP4, "*"), MatchPlay3, false), 0),MatchPlay3_VL, 3, false) = "halved", "halved", If(VLOOKUP(INDEX(MatchPlay3, Match(CONCATENATE("*", BlueP4, "*"), MatchPlay3, false), 0),MatchPlay3_VL, 3, false) <> "AS", if(left(VLOOKUP(INDEX(MatchPlay3, Match(CONCATENATE("*", BlueP4, "*"), MatchPlay3, false), 0),MatchPlay3_VL, 3, false), 1) = "b", "W", "L"), "TBD")))} -> #N/A | E26: =SUM(IFS(B26="W", MPPointsW, B26="L", MPPointsL, B26="halved", MPPointsH, B26="TBD", "0"), IFS(C26="W", MPPointsW, C26="L", MPPointsL, C26="halved", MPPointsH, C26="TBD", "0"), IFS(D26="W", MPPointsW, D26="L", MPPointsL, D26="halved", MPPointsH, D26="TBD", "0")) -> #N/A | F26: =IFS(LARGE(MPFlight4Total, 1)=E26, 1, LARGE(MPFlight4Total, 2)=E26, 2, LARGE(MPFlight4Total, 3)=E26, 3, LARGE(MPFlight4Total, 4)=E26, 4) -> #N/A | G26: 2 | H26: =If(C26="TBD", 0, VLOOKUP(G26,MatchPlayPoints_VL, 2, false)) -> #N/A
A27: =RedP4 -> Riley (R) | B27: {=If(VLOOKUP(INDEX(MatchPlay1, Match(CONCATENATE("*", RedP4, "*"), MatchPlay1, false), 0),MatchPlay1_VL, 2, false) = 0, "TBD", if(VLOOKUP(INDEX(MatchPlay1, Match(CONCATENATE("*", RedP4, "*"), MatchPlay1, false), 0),MatchPlay1_VL, 3, false) = "halved", "halved", If(VLOOKUP(INDEX(MatchPlay1, Match(CONCATENATE("*", RedP4, "*"), MatchPlay1, false), 0),MatchPlay1_VL, 3, false) <> "AS", if(left(VLOOKUP(INDEX(MatchPlay1, Match(CONCATENATE("*", RedP4, "*"), MatchPlay1, false), 0),MatchPlay1_VL, 3, false), 1) = "b", "W", "L"), "TBD")))} -> #N/A | C27: {=If(VLOOKUP(INDEX(MatchPlay2, Match(CONCATENATE("*", RedP4, "*"), MatchPlay2, false), 0),MatchPlay2_VL, 2, false) = 0, "TBD", if(VLOOKUP(INDEX(MatchPlay2, Match(CONCATENATE("*", RedP4, "*"), MatchPlay2, false), 0),MatchPlay2_VL, 3, false) = "halved", "halved", If(VLOOKUP(INDEX(MatchPlay2, Match(CONCATENATE("*", RedP4, "*"), MatchPlay2, false), 0),MatchPlay2_VL, 3, false) <> "AS", if(left(VLOOKUP(INDEX(MatchPlay2, Match(CONCATENATE("*", RedP4, "*"), MatchPlay2, false), 0),MatchPlay2_VL, 3, false), 1) = "b", "W", "L"), "TBD")))} -> #N/A | D27: {=If(VLOOKUP(INDEX(MatchPlay3, Match(CONCATENATE("*", RedP4, "*"), MatchPlay3, false), 0),MatchPlay3_VL, 2, false) = 0, "TBD", if(VLOOKUP(INDEX(MatchPlay3, Match(CONCATENATE("*", RedP4, "*"), MatchPlay3, false), 0),MatchPlay3_VL, 3, false) = "halved", "halved", If(VLOOKUP(INDEX(MatchPlay3, Match(CONCATENATE("*", RedP4, "*"), MatchPlay3, false), 0),MatchPlay3_VL, 3, false) <> "AS", if(left(VLOOKUP(INDEX(MatchPlay3, Match(CONCATENATE("*", RedP4, "*"), MatchPlay3, false), 0),MatchPlay3_VL, 3, false), 1) = "a", "W", "L"), "TBD")))} -> L | E27: =SUM(IFS(B27="W", MPPointsW, B27="L", MPPointsL, B27="halved", MPPointsH, B27="TBD", "0"), IFS(C27="W", MPPointsW, C27="L", MPPointsL, C27="halved", MPPointsH, C27="TBD", "0"), IFS(D27="W", MPPointsW, D27="L", MPPointsL, D27="halved", MPPointsH, D27="TBD", "0")) -> #N/A | F27: =IFS(LARGE(MPFlight4Total, 1)=E27, 1, LARGE(MPFlight4Total, 2)=E27, 2, LARGE(MPFlight4Total, 3)=E27, 3, LARGE(MPFlight4Total, 4)=E27, 4) -> #N/A | G27: =If(C27="TBD", 0, F27) -> #N/A | H27: =If(C27="TBD", 0, VLOOKUP(G27,MatchPlayPoints_VL, 2, false)) -> #N/A
A29: FLIGHT 5
A30: Player | B30: M1 | C30: M2 | D30: M3 | E30: Total Points | F30: Flight Finish | G30: Flight Finish | H30: Ryder Cup Points
A31: =WhiteP5 -> Marcus (W) | B31: {=If(VLOOKUP(INDEX(MatchPlay1, Match(CONCATENATE("*", WhiteP5, "*"), MatchPlay1, false), 0),MatchPlay1_VL, 2, false) = 0, "TBD", if(VLOOKUP(INDEX(MatchPlay1, Match(CONCATENATE("*", WhiteP5, "*"), MatchPlay1, false), 0),MatchPlay1_VL, 3, false) = "halved", "halved", If(VLOOKUP(INDEX(MatchPlay1, Match(CONCATENATE("*", WhiteP5, "*"), MatchPlay1, false), 0),MatchPlay1_VL, 3, false) <> "AS", if(left(VLOOKUP(INDEX(MatchPlay1, Match(CONCATENATE("*", WhiteP5, "*"), MatchPlay1, false), 0),MatchPlay1_VL, 3, false), 1) = "a", "W", "L"), "TBD")))} -> L | C31: {=If(VLOOKUP(INDEX(MatchPlay2, Match(CONCATENATE("*", WhiteP5, "*"), MatchPlay2, false), 0),MatchPlay2_VL, 2, false) = 0, "TBD", if(VLOOKUP(INDEX(MatchPlay2, Match(CONCATENATE("*", WhiteP5, "*"), MatchPlay2, false), 0),MatchPlay2_VL, 3, false) = "halved", "halved", If(VLOOKUP(INDEX(MatchPlay2, Match(CONCATENATE("*", WhiteP5, "*"), MatchPlay2, false), 0),MatchPlay2_VL, 3, false) <> "AS", if(left(VLOOKUP(INDEX(MatchPlay2, Match(CONCATENATE("*", WhiteP5, "*"), MatchPlay2, false), 0),MatchPlay2_VL, 3, false), 1) = "a", "W", "L"), "TBD")))} -> L | D31: {=If(VLOOKUP(INDEX(MatchPlay3, Match(CONCATENATE("*", WhiteP5, "*"), MatchPlay3, false), 0),MatchPlay3_VL, 2, false) = 0, "TBD", if(VLOOKUP(INDEX(MatchPlay3, Match(CONCATENATE("*", WhiteP5, "*"), MatchPlay3, false), 0),MatchPlay3_VL, 3, false) = "halved", "halved", If(VLOOKUP(INDEX(MatchPlay3, Match(CONCATENATE("*", WhiteP5, "*"), MatchPlay3, false), 0),MatchPlay3_VL, 3, false) <> "AS", if(left(VLOOKUP(INDEX(MatchPlay3, Match(CONCATENATE("*", WhiteP5, "*"), MatchPlay3, false), 0),MatchPlay3_VL, 3, false), 1) = "a", "W", "L"), "TBD")))} -> L | E31: =SUM(IFS(B31="W", MPPointsW, B31="L", MPPointsL, B31="halved", MPPointsH, B31="TBD", "0"), IFS(C31="W", MPPointsW, C31="L", MPPointsL, C31="halved", MPPointsH, C31="TBD", "0"), IFS(D31="W", MPPointsW, D31="L", MPPointsL, D31="halved", MPPointsH, D31="TBD", "0")) -> 0 | F31: =IFS(LARGE(MPFlight5Total, 1)=E31, 1, LARGE(MPFlight5Total, 2)=E31, 2, LARGE(MPFlight5Total, 3)=E31, 3, LARGE(MPFlight5Total, 4)=E31, 4) -> #N/A | G31: =If(C31="TBD", 0, F31) -> #N/A | H31: =If(C31="TBD", 0, VLOOKUP(G31,MatchPlayPoints_VL, 2, false)) -> #N/A
A32: =BlackP5 -> Andrew (A) | B32: {=If(VLOOKUP(INDEX(MatchPlay1, Match(CONCATENATE("*", BlackP5, "*"), MatchPlay1, false), 0),MatchPlay1_VL, 2, false) = 0, "TBD", if(VLOOKUP(INDEX(MatchPlay1, Match(CONCATENATE("*", BlackP5, "*"), MatchPlay1, false), 0),MatchPlay1_VL, 3, false) = "halved", "halved", If(VLOOKUP(INDEX(MatchPlay1, Match(CONCATENATE("*", BlackP5, "*"), MatchPlay1, false), 0),MatchPlay1_VL, 3, false) <> "AS", if(left(VLOOKUP(INDEX(MatchPlay1, Match(CONCATENATE("*", BlackP5, "*"), MatchPlay1, false), 0),MatchPlay1_VL, 3, false), 1) = "a", "W", "L"), "TBD")))} -> L | C32: {=If(VLOOKUP(INDEX(MatchPlay2, Match(CONCATENATE("*", BlackP5, "*"), MatchPlay2, false), 0),MatchPlay2_VL, 2, false) = 0, "TBD", if(VLOOKUP(INDEX(MatchPlay2, Match(CONCATENATE("*", BlackP5, "*"), MatchPlay2, false), 0),MatchPlay2_VL, 3, false) = "halved", "halved", If(VLOOKUP(INDEX(MatchPlay2, Match(CONCATENATE("*", BlackP5, "*"), MatchPlay2, false), 0),MatchPlay2_VL, 3, false) <> "AS", if(left(VLOOKUP(INDEX(MatchPlay2, Match(CONCATENATE("*", BlackP5, "*"), MatchPlay2, false), 0),MatchPlay2_VL, 3, false), 1) = "b", "W", "L"), "TBD")))} -> #N/A | D32: {=If(VLOOKUP(INDEX(MatchPlay3, Match(CONCATENATE("*", BlackP5, "*"), MatchPlay3, false), 0),MatchPlay3_VL, 2, false) = 0, "TBD", if(VLOOKUP(INDEX(MatchPlay3, Match(CONCATENATE("*", BlackP5, "*"), MatchPlay3, false), 0),MatchPlay3_VL, 3, false) = "halved", "halved", If(VLOOKUP(INDEX(MatchPlay3, Match(CONCATENATE("*", BlackP5, "*"), MatchPlay3, false), 0),MatchPlay3_VL, 3, false) <> "AS", if(left(VLOOKUP(INDEX(MatchPlay3, Match(CONCATENATE("*", BlackP5, "*"), MatchPlay3, false), 0),MatchPlay3_VL, 3, false), 1) = "b", "W", "L"), "TBD")))} -> #N/A | E32: =SUM(IFS(B32="W", MPPointsW, B32="L", MPPointsL, B32="halved", MPPointsH, B32="TBD", "0"), IFS(C32="W", MPPointsW, C32="L", MPPointsL, C32="halved", MPPointsH, C32="TBD", "0"), IFS(D32="W", MPPointsW, D32="L", MPPointsL, D32="halved", MPPointsH, D32="TBD", "0")) -> #N/A | F32: =IFS(LARGE(MPFlight5Total, 1)=E32, 1, LARGE(MPFlight5Total, 2)=E32, 2, LARGE(MPFlight5Total, 3)=E32, 3, LARGE(MPFlight5Total, 4)=E32, 4) -> #N/A | G32: 3 | H32: =If(C32="TBD", 0, VLOOKUP(G32,MatchPlayPoints_VL, 2, false)) -> #N/A
A33: =BlueP5 -> Mikey (B) | B33: {=If(VLOOKUP(INDEX(MatchPlay1, Match(CONCATENATE("*", BlueP5, "*"), MatchPlay1, false), 0),MatchPlay1_VL, 2, false) = 0, "TBD", if(VLOOKUP(INDEX(MatchPlay1, Match(CONCATENATE("*", BlueP5, "*"), MatchPlay1, false), 0),MatchPlay1_VL, 3, false) = "halved", "halved", If(VLOOKUP(INDEX(MatchPlay1, Match(CONCATENATE("*", BlueP5, "*"), MatchPlay1, false), 0),MatchPlay1_VL, 3, false) <> "AS", if(left(VLOOKUP(INDEX(MatchPlay1, Match(CONCATENATE("*", BlueP5, "*"), MatchPlay1, false), 0),MatchPlay1_VL, 3, false), 1) = "b", "W", "L"), "TBD")))} -> #N/A | C33: {=If(VLOOKUP(INDEX(MatchPlay2, Match(CONCATENATE("*", BlueP5, "*"), MatchPlay2, false), 0),MatchPlay2_VL, 2, false) = 0, "TBD", if(VLOOKUP(INDEX(MatchPlay2, Match(CONCATENATE("*", BlueP5, "*"), MatchPlay2, false), 0),MatchPlay2_VL, 3, false) = "halved", "halved", If(VLOOKUP(INDEX(MatchPlay2, Match(CONCATENATE("*", BlueP5, "*"), MatchPlay2, false), 0),MatchPlay2_VL, 3, false) <> "AS", if(left(VLOOKUP(INDEX(MatchPlay2, Match(CONCATENATE("*", BlueP5, "*"), MatchPlay2, false), 0),MatchPlay2_VL, 3, false), 1) = "b", "W", "L"), "TBD")))} -> #N/A | D33: {=If(VLOOKUP(INDEX(MatchPlay3, Match(CONCATENATE("*", BlueP5, "*"), MatchPlay3, false), 0),MatchPlay3_VL, 2, false) = 0, "TBD", if(VLOOKUP(INDEX(MatchPlay3, Match(CONCATENATE("*", BlueP5, "*"), MatchPlay3, false), 0),MatchPlay3_VL, 3, false) = "halved", "halved", If(VLOOKUP(INDEX(MatchPlay3, Match(CONCATENATE("*", BlueP5, "*"), MatchPlay3, false), 0),MatchPlay3_VL, 3, false) <> "AS", if(left(VLOOKUP(INDEX(MatchPlay3, Match(CONCATENATE("*", BlueP5, "*"), MatchPlay3, false), 0),MatchPlay3_VL, 3, false), 1) = "a", "W", "L"), "TBD")))} -> L | E33: =SUM(IFS(B33="W", MPPointsW, B33="L", MPPointsL, B33="halved", MPPointsH, B33="TBD", "0"), IFS(C33="W", MPPointsW, C33="L", MPPointsL, C33="halved", MPPointsH, C33="TBD", "0"), IFS(D33="W", MPPointsW, D33="L", MPPointsL, D33="halved", MPPointsH, D33="TBD", "0")) -> #N/A | F33: =IFS(LARGE(MPFlight5Total, 1)=E33, 1, LARGE(MPFlight5Total, 2)=E33, 2, LARGE(MPFlight5Total, 3)=E33, 3, LARGE(MPFlight5Total, 4)=E33, 4) -> #N/A | G33: =If(C33="TBD", 0, F33) -> #N/A | H33: =If(C33="TBD", 0, VLOOKUP(G33,MatchPlayPoints_VL, 2, false)) -> #N/A
A34: =RedP5 -> Powell (R) | B34: {=If(VLOOKUP(INDEX(MatchPlay1, Match(CONCATENATE("*", RedP5, "*"), MatchPlay1, false), 0),MatchPlay1_VL, 2, false) = 0, "TBD", if(VLOOKUP(INDEX(MatchPlay1, Match(CONCATENATE("*", RedP5, "*"), MatchPlay1, false), 0),MatchPlay1_VL, 3, false) = "halved", "halved", If(VLOOKUP(INDEX(MatchPlay1, Match(CONCATENATE("*", RedP5, "*"), MatchPlay1, false), 0),MatchPlay1_VL, 3, false) <> "AS", if(left(VLOOKUP(INDEX(MatchPlay1, Match(CONCATENATE("*", RedP5, "*"), MatchPlay1, false), 0),MatchPlay1_VL, 3, false), 1) = "b", "W", "L"), "TBD")))} -> #N/A | C34: {=If(VLOOKUP(INDEX(MatchPlay2, Match(CONCATENATE("*", RedP5, "*"), MatchPlay2, false), 0),MatchPlay2_VL, 2, false) = 0, "TBD", if(VLOOKUP(INDEX(MatchPlay2, Match(CONCATENATE("*", RedP5, "*"), MatchPlay2, false), 0),MatchPlay2_VL, 3, false) = "halved", "halved", If(VLOOKUP(INDEX(MatchPlay2, Match(CONCATENATE("*", RedP5, "*"), MatchPlay2, false), 0),MatchPlay2_VL, 3, false) <> "AS", if(left(VLOOKUP(INDEX(MatchPlay2, Match(CONCATENATE("*", RedP5, "*"), MatchPlay2, false), 0),MatchPlay2_VL, 3, false), 1) = "a", "W", "L"), "TBD")))} -> L | D34: {=If(VLOOKUP(INDEX(MatchPlay3, Match(CONCATENATE("*", RedP5, "*"), MatchPlay3, false), 0),MatchPlay3_VL, 2, false) = 0, "TBD", if(VLOOKUP(INDEX(MatchPlay3, Match(CONCATENATE("*", RedP5, "*"), MatchPlay3, false), 0),MatchPlay3_VL, 3, false) = "halved", "halved", If(VLOOKUP(INDEX(MatchPlay3, Match(CONCATENATE("*", RedP5, "*"), MatchPlay3, false), 0),MatchPlay3_VL, 3, false) <> "AS", if(left(VLOOKUP(INDEX(MatchPlay3, Match(CONCATENATE("*", RedP5, "*"), MatchPlay3, false), 0),MatchPlay3_VL, 3, false), 1) = "b", "W", "L"), "TBD")))} -> #N/A | E34: =SUM(IFS(B34="W", MPPointsW, B34="L", MPPointsL, B34="halved", MPPointsH, B34="TBD", "0"), IFS(C34="W", MPPointsW, C34="L", MPPointsL, C34="halved", MPPointsH, C34="TBD", "0"), IFS(D34="W", MPPointsW, D34="L", MPPointsL, D34="halved", MPPointsH, D34="TBD", "0")) -> #N/A | F34: =IFS(LARGE(MPFlight5Total, 1)=E34, 1, LARGE(MPFlight5Total, 2)=E34, 2, LARGE(MPFlight5Total, 3)=E34, 3, LARGE(MPFlight5Total, 4)=E34, 4) -> #N/A | G34: =If(C34="TBD", 0, F34) -> #N/A | H34: =If(C34="TBD", 0, VLOOKUP(G34,MatchPlayPoints_VL, 2, false)) -> #N/A
A36: FLIGHT 6
A37: Player | B37: M1 | C37: M2 | D37: M3 | E37: Total Points | F37: Flight Finish | G37: Flight Finish | H37: Ryder Cup Points
A38: =WhiteP6 -> Dave (W) | B38: {=If(VLOOKUP(INDEX(MatchPlay1, Match(CONCATENATE("*", WhiteP6, "*"), MatchPlay1, false), 0),MatchPlay1_VL, 2, false) = 0, "TBD", if(VLOOKUP(INDEX(MatchPlay1, Match(CONCATENATE("*", WhiteP6, "*"), MatchPlay1, false), 0),MatchPlay1_VL, 3, false) = "halved", "halved", If(VLOOKUP(INDEX(MatchPlay1, Match(CONCATENATE("*", WhiteP6, "*"), MatchPlay1, false), 0),MatchPlay1_VL, 3, false) <> "AS", if(left(VLOOKUP(INDEX(MatchPlay1, Match(CONCATENATE("*", WhiteP6, "*"), MatchPlay1, false), 0),MatchPlay1_VL, 3, false), 1) = "a", "W", "L"), "TBD")))} -> L | C38: {=If(VLOOKUP(INDEX(MatchPlay2, Match(CONCATENATE("*", WhiteP6, "*"), MatchPlay2, false), 0),MatchPlay2_VL, 2, false) = 0, "TBD", if(VLOOKUP(INDEX(MatchPlay2, Match(CONCATENATE("*", WhiteP6, "*"), MatchPlay2, false), 0),MatchPlay2_VL, 3, false) = "halved", "halved", If(VLOOKUP(INDEX(MatchPlay2, Match(CONCATENATE("*", WhiteP6, "*"), MatchPlay2, false), 0),MatchPlay2_VL, 3, false) <> "AS", if(left(VLOOKUP(INDEX(MatchPlay2, Match(CONCATENATE("*", WhiteP6, "*"), MatchPlay2, false), 0),MatchPlay2_VL, 3, false), 1) = "a", "W", "L"), "TBD")))} -> L | D38: {=If(VLOOKUP(INDEX(MatchPlay3, Match(CONCATENATE("*", WhiteP6, "*"), MatchPlay3, false), 0),MatchPlay3_VL, 2, false) = 0, "TBD", if(VLOOKUP(INDEX(MatchPlay3, Match(CONCATENATE("*", WhiteP6, "*"), MatchPlay3, false), 0),MatchPlay3_VL, 3, false) = "halved", "halved", If(VLOOKUP(INDEX(MatchPlay3, Match(CONCATENATE("*", WhiteP6, "*"), MatchPlay3, false), 0),MatchPlay3_VL, 3, false) <> "AS", if(left(VLOOKUP(INDEX(MatchPlay3, Match(CONCATENATE("*", WhiteP6, "*"), MatchPlay3, false), 0),MatchPlay3_VL, 3, false), 1) = "a", "W", "L"), "TBD")))} -> L | E38: =SUM(IFS(B38="W", MPPointsW, B38="L", MPPointsL, B38="halved", MPPointsH, B38="TBD", "0"), IFS(C38="W", MPPointsW, C38="L", MPPointsL, C38="halved", MPPointsH, C38="TBD", "0"), IFS(D38="W", MPPointsW, D38="L", MPPointsL, D38="halved", MPPointsH, D38="TBD", "0")) -> 0 | F38: =IFS(LARGE(MPFlight6Total, 1)=E38, 1, LARGE(MPFlight6Total, 2)=E38, 2, LARGE(MPFlight6Total, 3)=E38, 3, LARGE(MPFlight6Total, 4)=E38, 4) -> #N/A | G38: =If(C38="TBD", 0, F38) -> #N/A | H38: =If(C38="TBD", 0, VLOOKUP(G38,MatchPlayPoints_VL, 2, false)) -> #N/A
A39: =BlackP6 -> Neil (A) | B39: {=If(VLOOKUP(INDEX(MatchPlay1, Match(CONCATENATE("*", BlackP6, "*"), MatchPlay1, false), 0),MatchPlay1_VL, 2, false) = 0, "TBD", if(VLOOKUP(INDEX(MatchPlay1, Match(CONCATENATE("*", BlackP6, "*"), MatchPlay1, false), 0),MatchPlay1_VL, 3, false) = "halved", "halved", If(VLOOKUP(INDEX(MatchPlay1, Match(CONCATENATE("*", BlackP6, "*"), MatchPlay1, false), 0),MatchPlay1_VL, 3, false) <> "AS", if(left(VLOOKUP(INDEX(MatchPlay1, Match(CONCATENATE("*", BlackP6, "*"), MatchPlay1, false), 0),MatchPlay1_VL, 3, false), 1) = "b", "W", "L"), "TBD")))} -> #N/A | C39: {=If(VLOOKUP(INDEX(MatchPlay2, Match(CONCATENATE("*", BlackP6, "*"), MatchPlay2, false), 0),MatchPlay2_VL, 2, false) = 0, "TBD", if(VLOOKUP(INDEX(MatchPlay2, Match(CONCATENATE("*", BlackP6, "*"), MatchPlay2, false), 0),MatchPlay2_VL, 3, false) = "halved", "halved", If(VLOOKUP(INDEX(MatchPlay2, Match(CONCATENATE("*", BlackP6, "*"), MatchPlay2, false), 0),MatchPlay2_VL, 3, false) <> "AS", if(left(VLOOKUP(INDEX(MatchPlay2, Match(CONCATENATE("*", BlackP6, "*"), MatchPlay2, false), 0),MatchPlay2_VL, 3, false), 1) = "b", "W", "L"), "TBD")))} -> #N/A | D39: {=If(VLOOKUP(INDEX(MatchPlay3, Match(CONCATENATE("*", BlackP6, "*"), MatchPlay3, false), 0),MatchPlay3_VL, 2, false) = 0, "TBD", if(VLOOKUP(INDEX(MatchPlay3, Match(CONCATENATE("*", BlackP6, "*"), MatchPlay3, false), 0),MatchPlay3_VL, 3, false) = "halved", "halved", If(VLOOKUP(INDEX(MatchPlay3, Match(CONCATENATE("*", BlackP6, "*"), MatchPlay3, false), 0),MatchPlay3_VL, 3, false) <> "AS", if(left(VLOOKUP(INDEX(MatchPlay3, Match(CONCATENATE("*", BlackP6, "*"), MatchPlay3, false), 0),MatchPlay3_VL, 3, false), 1) = "a", "W", "L"), "TBD")))} -> L | E39: =SUM(IFS(B39="W", MPPointsW, B39="L", MPPointsL, B39="halved", MPPointsH, B39="TBD", "0"), IFS(C39="W", MPPointsW, C39="L", MPPointsL, C39="halved", MPPointsH, C39="TBD", "0"), IFS(D39="W", MPPointsW, D39="L", MPPointsL, D39="halved", MPPointsH, D39="TBD", "0")) -> #N/A | F39: =IFS(LARGE(MPFlight6Total, 1)=E39, 1, LARGE(MPFlight6Total, 2)=E39, 2, LARGE(MPFlight6Total, 3)=E39, 3, LARGE(MPFlight6Total, 4)=E39, 4) -> #N/A | G39: =If(C39="TBD", 0, F39) -> #N/A | H39: =If(C39="TBD", 0, VLOOKUP(G39,MatchPlayPoints_VL, 2, false)) -> #N/A
A40: =BlueP6 -> Matt (B) | B40: {=If(VLOOKUP(INDEX(MatchPlay1, Match(CONCATENATE("*", BlueP6, "*"), MatchPlay1, false), 0),MatchPlay1_VL, 2, false) = 0, "TBD", if(VLOOKUP(INDEX(MatchPlay1, Match(CONCATENATE("*", BlueP6, "*"), MatchPlay1, false), 0),MatchPlay1_VL, 3, false) = "halved", "halved", If(VLOOKUP(INDEX(MatchPlay1, Match(CONCATENATE("*", BlueP6, "*"), MatchPlay1, false), 0),MatchPlay1_VL, 3, false) <> "AS", if(left(VLOOKUP(INDEX(MatchPlay1, Match(CONCATENATE("*", BlueP6, "*"), MatchPlay1, false), 0),MatchPlay1_VL, 3, false), 1) = "b", "W", "L"), "TBD")))} -> #N/A | C40: {=If(VLOOKUP(INDEX(MatchPlay2, Match(CONCATENATE("*", BlueP6, "*"), MatchPlay2, false), 0),MatchPlay2_VL, 2, false) = 0, "TBD", if(VLOOKUP(INDEX(MatchPlay2, Match(CONCATENATE("*", BlueP6, "*"), MatchPlay2, false), 0),MatchPlay2_VL, 3, false) = "halved", "halved", If(VLOOKUP(INDEX(MatchPlay2, Match(CONCATENATE("*", BlueP6, "*"), MatchPlay2, false), 0),MatchPlay2_VL, 3, false) <> "AS", if(left(VLOOKUP(INDEX(MatchPlay2, Match(CONCATENATE("*", BlueP6, "*"), MatchPlay2, false), 0),MatchPlay2_VL, 3, false), 1) = "a", "W", "L"), "TBD")))} -> L | D40: {=If(VLOOKUP(INDEX(MatchPlay3, Match(CONCATENATE("*", BlueP6, "*"), MatchPlay3, false), 0),MatchPlay3_VL, 2, false) = 0, "TBD", if(VLOOKUP(INDEX(MatchPlay3, Match(CONCATENATE("*", BlueP6, "*"), MatchPlay3, false), 0),MatchPlay3_VL, 3, false) = "halved", "halved", If(VLOOKUP(INDEX(MatchPlay3, Match(CONCATENATE("*", BlueP6, "*"), MatchPlay3, false), 0),MatchPlay3_VL, 3, false) <> "AS", if(left(VLOOKUP(INDEX(MatchPlay3, Match(CONCATENATE("*", BlueP6, "*"), MatchPlay3, false), 0),MatchPlay3_VL, 3, false), 1) = "b", "W", "L"), "TBD")))} -> #N/A | E40: =SUM(IFS(B40="W", MPPointsW, B40="L", MPPointsL, B40="halved", MPPointsH, B40="TBD", "0"), IFS(C40="W", MPPointsW, C40="L", MPPointsL, C40="halved", MPPointsH, C40="TBD", "0"), IFS(D40="W", MPPointsW, D40="L", MPPointsL, D40="halved", MPPointsH, D40="TBD", "0")) -> #N/A | F40: =IFS(LARGE(MPFlight6Total, 1)=E40, 1, LARGE(MPFlight6Total, 2)=E40, 2, LARGE(MPFlight6Total, 3)=E40, 3, LARGE(MPFlight6Total, 4)=E40, 4) -> #N/A | G40: 2 | H40: =If(C40="TBD", 0, VLOOKUP(G40,MatchPlayPoints_VL, 2, false)) -> 1
A41: =RedP6 -> Beeler (R) | B41: {=If(VLOOKUP(INDEX(MatchPlay1, Match(CONCATENATE("*", RedP6, "*"), MatchPlay1, false), 0),MatchPlay1_VL, 2, false) = 0, "TBD", if(VLOOKUP(INDEX(MatchPlay1, Match(CONCATENATE("*", RedP6, "*"), MatchPlay1, false), 0),MatchPlay1_VL, 3, false) = "halved", "halved", If(VLOOKUP(INDEX(MatchPlay1, Match(CONCATENATE("*", RedP6, "*"), MatchPlay1, false), 0),MatchPlay1_VL, 3, false) <> "AS", if(left(VLOOKUP(INDEX(MatchPlay1, Match(CONCATENATE("*", RedP6, "*"), MatchPlay1, false), 0),MatchPlay1_VL, 3, false), 1) = "a", "W", "L"), "TBD")))} -> L | C41: {=If(VLOOKUP(INDEX(MatchPlay2, Match(CONCATENATE("*", RedP6, "*"), MatchPlay2, false), 0),MatchPlay2_VL, 2, false) = 0, "TBD", if(VLOOKUP(INDEX(MatchPlay2, Match(CONCATENATE("*", RedP6, "*"), MatchPlay2, false), 0),MatchPlay2_VL, 3, false) = "halved", "halved", If(VLOOKUP(INDEX(MatchPlay2, Match(CONCATENATE("*", RedP6, "*"), MatchPlay2, false), 0),MatchPlay2_VL, 3, false) <> "AS", if(left(VLOOKUP(INDEX(MatchPlay2, Match(CONCATENATE("*", RedP6, "*"), MatchPlay2, false), 0),MatchPlay2_VL, 3, false), 1) = "b", "W", "L"), "TBD")))} -> #N/A | D41: {=If(VLOOKUP(INDEX(MatchPlay3, Match(CONCATENATE("*", RedP6, "*"), MatchPlay3, false), 0),MatchPlay3_VL, 2, false) = 0, "TBD", if(VLOOKUP(INDEX(MatchPlay3, Match(CONCATENATE("*", RedP6, "*"), MatchPlay3, false), 0),MatchPlay3_VL, 3, false) = "halved", "halved", If(VLOOKUP(INDEX(MatchPlay3, Match(CONCATENATE("*", RedP6, "*"), MatchPlay3, false), 0),MatchPlay3_VL, 3, false) <> "AS", if(left(VLOOKUP(INDEX(MatchPlay3, Match(CONCATENATE("*", RedP6, "*"), MatchPlay3, false), 0),MatchPlay3_VL, 3, false), 1) = "b", "W", "L"), "TBD")))} -> #N/A | E41: =SUM(IFS(B41="W", MPPointsW, B41="L", MPPointsL, B41="halved", MPPointsH, B41="TBD", "0"), IFS(C41="W", MPPointsW, C41="L", MPPointsL, C41="halved", MPPointsH, C41="TBD", "0"), IFS(D41="W", MPPointsW, D41="L", MPPointsL, D41="halved", MPPointsH, D41="TBD", "0")) -> #N/A | F41: =IFS(LARGE(MPFlight6Total, 1)=E41, 1, LARGE(MPFlight6Total, 2)=E41, 2, LARGE(MPFlight6Total, 3)=E41, 3, LARGE(MPFlight6Total, 4)=E41, 4) -> #N/A | G41: =If(C41="TBD", 0, F41) -> #N/A | H41: =If(C41="TBD", 0, VLOOKUP(G41,MatchPlayPoints_VL, 2, false)) -> #N/A
A43: SCORING
A44: Team | D44: Points
A45: Black | D45: =SUM(H4, H11, H18, H25, H32, H39) -> #N/A
A46: Blue | D46: =SUM(H5, H12, H19, H26, H33, H40) -> #N/A
A47: Red | D47: =SUM(H6, H13, H20, H27, H34, H41) -> #N/A
A48: White | D48: =SUM(H3, H10, H17, H24, H31, H38) -> #N/A
D49: =SUM(D45:D48) -> #N/A

Sheet Best Ball
A1: SATURDAY BEST BALL | B1: Place | C1: Points | E1: Place | F1: Points
A2: {=Sort(D2:F13,2,true)} -> Team 1 (Riley (R), Troy (R)) | B2: 0 | C2: 0 | D2: Team 1 (Riley (R), Troy (R)) | E2: {=If(Substitute(Index(BestBallLeaderboard, Match(D2,BestBall, 0)), "T", "") = "-", "-", Value(Substitute(Index(BestBallLeaderboard, Match(D2,BestBall, 0)), "T", "")))} -> 0 | F2: =iferror(vlookup(E2, BestBallPoints_VL, 2, false), 0) -> 0
A3: Team 10 (Mitch (A), Paul (A)) | B3: 0 | C3: 0 | D3: Team 10 (Mitch (A), Paul (A)) | E3: {=If(Substitute(Index(BestBallLeaderboard, Match(D3,BestBall, 0)), "T", "") = "-", "-", Value(Substitute(Index(BestBallLeaderboard, Match(D3,BestBall, 0)), "T", "")))} -> 0 | F3: =iferror(vlookup(E3, BestBallPoints_VL, 2, false), 0) -> 0
A4: Team 11 (Andy (A), Neil (A)) | B4: 0 | C4: 0 | D4: Team 11 (Andy (A), Neil (A)) | E4: {=If(Substitute(Index(BestBallLeaderboard, Match(D4,BestBall, 0)), "T", "") = "-", "-", Value(Substitute(Index(BestBallLeaderboard, Match(D4,BestBall, 0)), "T", "")))} -> 0 | F4: =iferror(vlookup(E4, BestBallPoints_VL, 2, false), 0) -> 0
A5: Team 12 (Kelly (B), Mikey (B)) | B5: 0 | C5: 0 | D5: Team 12 (Kelly (B), Mikey (B)) | E5: {=If(Substitute(Index(BestBallLeaderboard, Match(D5,BestBall, 0)), "T", "") = "-", "-", Value(Substitute(Index(BestBallLeaderboard, Match(D5,BestBall, 0)), "T", "")))} -> 0 | F5: =iferror(vlookup(E5, BestBallPoints_VL, 2, false), 0) -> 0
A6: Team 2 (Marcus (W), Rob (W)) | B6: 0 | C6: 0 | D6: Team 2 (Marcus (W), Rob (W)) | E6: {=If(Substitute(Index(BestBallLeaderboard, Match(D6,BestBall, 0)), "T", "") = "-", "-", Value(Substitute(Index(BestBallLeaderboard, Match(D6,BestBall, 0)), "T", "")))} -> 0 | F6: =iferror(vlookup(E6, BestBallPoints_VL, 2, false), 0) -> 0
A7: Team 3 (Powell (R), Ryan (R)) | B7: 0 | C7: 0 | D7: Team 3 (Powell (R), Ryan (R)) | E7: {=If(Substitute(Index(BestBallLeaderboard, Match(D7,BestBall, 0)), "T", "") = "-", "-", Value(Substitute(Index(BestBallLeaderboard, Match(D7,BestBall, 0)), "T", "")))} -> 0 | F7: =iferror(vlookup(E7, BestBallPoints_VL, 2, false), 0) -> 0
A8: Team 4 (Adam (W), Chad (W)) | B8: 0 | C8: 0 | D8: Team 4 (Adam (W), Chad (W)) | E8: {=If(Substitute(Index(BestBallLeaderboard, Match(D8,BestBall, 0)), "T", "") = "-", "-", Value(Substitute(Index(BestBallLeaderboard, Match(D8,BestBall, 0)), "T", "")))} -> 0 | F8: =iferror(vlookup(E8, BestBallPoints_VL, 2, false), 0) -> 0
A9: Team 5 (Andrew (A), Rocky (A)) | B9: 0 | C9: 0 | D9: Team 5 (Andrew (A), Rocky (A)) | E9: {=If(Substitute(Index(BestBallLeaderboard, Match(D9,BestBall, 0)), "T", "") = "-", "-", Value(Substitute(Index(BestBallLeaderboard, Match(D9,BestBall, 0)), "T", "")))} -> 0 | F9: =iferror(vlookup(E9, BestBallPoints_VL, 2, false), 0) -> 0
A10: Team 6 (Joe (B), Miller (B)) | B10: 0 | C10: 0 | D10: Team 6 (Joe (B), Miller (B)) | E10: {=If(Substitute(Index(BestBallLeaderboard, Match(D10,BestBall, 0)), "T", "") = "-", "-", Value(Substitute(Index(BestBallLeaderboard, Match(D10,BestBall, 0)), "T", "")))} -> 0 | F10: =iferror(vlookup(E10, BestBallPoints_VL, 2, false), 0) -> 0
A11: Team 7 (Dave (W), Dutch (W)) | B11: 0 | C11: 0 | D11: Team 7 (Dave (W), Dutch (W)) | E11: {=If(Substitute(Index(BestBallLeaderboard, Match(D11,BestBall, 0)), "T", "") = "-", "-", Value(Substitute(Index(BestBallLeaderboard, Match(D11,BestBall, 0)), "T", "")))} -> 0 | F11: =iferror(vlookup(E11, BestBallPoints_VL, 2, false), 0) -> 0
A12: Team 8 (Matt (B), Will (B)) | B12: 0 | C12: 0 | D12: Team 8 (Matt (B), Will (B)) | E12: {=If(Substitute(Index(BestBallLeaderboard, Match(D12,BestBall, 0)), "T", "") = "-", "-", Value(Substitute(Index(BestBallLeaderboard, Match(D12,BestBall, 0)), "T", "")))} -> 0 | F12: =iferror(vlookup(E12, BestBallPoints_VL, 2, false), 0) -> 0
A13: Team 9 (Beeler (R), Tyler (R)) | B13: 0 | C13: 0 | D13: Team 9 (Beeler (R), Tyler (R)) | E13: {=If(Substitute(Index(BestBallLeaderboard, Match(D13,BestBall, 0)), "T", "") = "-", "-", Value(Substitute(Index(BestBallLeaderboard, Match(D13,BestBall, 0)), "T", "")))} -> 0 | F13: =iferror(vlookup(E13, BestBallPoints_VL, 2, false), 0) -> 0
A15: SCORING
A16: Team | B16: Points
A17: Black | B17: =SUM(F3:F4, F9) -> 0
A18: Blue | B18: =SUM(F5,F10,F12) -> 0
A19: Red | B19: =SUM(F2,F7,F13) -> 0
A20: White | B20: =SUM(F6,F8,F11) -> 0
B21: =SUM(B17:B20) -> 0

Sheet Sunday Scramble
A1: SUNDAY SCRAMBLE | B1: Place | C1: Points | E1: Place | F1: Points
A2: {=Sort(D2:F9,2,true)} -> Adam/ Chad/ Marcus/Dave (W) | B2: 0 | C2: 0 | D2: Adam/ Chad/ Marcus/Dave (W) | E2: {=If(Substitute(Index(ScrambleLeaderboard, Match(D2,Scramble, 0)), "T", "") = "-", "-", Value(Substitute(Index(ScrambleLeaderboard, Match(D2,Scramble, 0)), "T", "")))} -> 0 | F2: =iferror(vlookup(E2, ScramblePoints_VL, 2, false), 0) -> 0
A3: Andy/ Paul/ Andrew/Neil (A) | B3: 0 | C3: 0 | D3: Andy/ Paul/ Andrew/Neil (A) | E3: {=If(Substitute(Index(ScrambleLeaderboard, Match(D3,Scramble, 0)), "T", "") = "-", "-", Value(Substitute(Index(ScrambleLeaderboard, Match(D3,Scramble, 0)), "T", "")))} -> 0 | F3: =iferror(vlookup(E3, ScramblePoints_VL, 2, false), 0) -> 0
A4: Joe/ Kelly/ Mikey/Matt (B) | B4: 0 | C4: 0 | D4: Joe/ Kelly/ Mikey/Matt (B) | E4: {=If(Substitute(Index(ScrambleLeaderboard, Match(D4,Scramble, 0)), "T", "") = "-", "-", Value(Substitute(Index(ScrambleLeaderboard, Match(D4,Scramble, 0)), "T", "")))} -> 0 | F4: =iferror(vlookup(E4, ScramblePoints_VL, 2, false), 0) -> 0
A5: Mitch/Rocky (A) | B5: 0 | C5: 0 | D5: Mitch/Rocky (A) | E5: {=If(Substitute(Index(ScrambleLeaderboard, Match(D5,Scramble, 0)), "T", "") = "-", "-", Value(Substitute(Index(ScrambleLeaderboard, Match(D5,Scramble, 0)), "T", "")))} -> 0 | F5: =iferror(vlookup(E5, ScramblePoints_VL, 2, false), 0) -> 0
A6: Rob/Dutch (W) | B6: 0 | C6: 0 | D6: Rob/Dutch (W) | E6: {=If(Substitute(Index(ScrambleLeaderboard, Match(D6,Scramble, 0)), "T", "") = "-", "-", Value(Substitute(Index(ScrambleLeaderboard, Match(D6,Scramble, 0)), "T", "")))} -> 0 | F6: =iferror(vlookup(E6, ScramblePoints_VL, 2, false), 0) -> 0
A7: Troy/Ryan (R) | B7: 0 | C7: 0 | D7: Troy/Ryan (R) | E7: {=If(Substitute(Index(ScrambleLeaderboard, Match(D7,Scramble, 0)), "T", "") = "-", "-", Value(Substitute(Index(ScrambleLeaderboard, Match(D7,Scramble, 0)), "T", "")))} -> 0 | F7: =iferror(vlookup(E7, ScramblePoints_VL, 2, false), 0) -> 0
A8: Tyler/ Riley/ Powell/ Beeler (R) | B8: 0 | C8: 0 | D8: Tyler/ Riley/ Powell/ Beeler (R) | E8: {=If(Substitute(Index(ScrambleLeaderboard, Match(D8,Scramble, 0)), "T", "") = "-", "-", Value(Substitute(Index(ScrambleLeaderboard, Match(D8,Scramble, 0)), "T", "")))} -> 0 | F8: =iferror(vlookup(E8, ScramblePoints_VL, 2, false), 0) -> 0
A9: Will/Miller (B) | B9: 0 | C9: 0 | D9: Will/Miller (B) | E9: {=If(Substitute(Index(ScrambleLeaderboard, Match(D9,Scramble, 0)), "T", "") = "-", "-", Value(Substitute(Index(ScrambleLeaderboard, Match(D9,Scramble, 0)), "T", "")))} -> 0 | F9: =iferror(vlookup(E9, ScramblePoints_VL, 2, false), 0) -> 0
A12: SCORING
A13: Team | B13: Points
A14: Black | B14: =SUM(F5, F3) -> 0
A15: Blue | B15: =SUM(F4, F9) -> 0
A16: Red | B16: =SUM(F7, F8) -> 0
A17: White | B17: =SUM(F6, F7) -> 0
B18: =SUM(B14:B17) -> 0
A21: Tyler/ Riley/ Powell/ Beeler (R)
A22: Adam/ Chad/ Marcus/Dave (W)
A23: Troy/Ryan (R)
A24: Joe/ Kelly/ Mikey/Matt (B)
A25: Rob/Dutch (W)
A26: Andy/ Paul/ Andrew/Neil (A)
A27: Will/Miller (B)
A28: Mitch/Rocky (A)

Sheet Schedule New
B3: TEAMS | D3: H | F3: Best Ball - Friday/Saturday | AJ3: Order
B4: W1 | C4: Rob (W) | AH4: Mitch - Black | AJ4: Rob | AK4: 1 | AL4: Mitch | AM4: Troy | AN4: Will
B5: W2 | C5: Dutch (W) | AH5: Rob - White | AJ5: Troy | AK5: 2 | AL5: Will | AM5: Rob | AN5: Mitch
B6: W3 | C6: Tyler (W) | AH6: Troy - Red | AJ6: Will | AK6: 3 | AL6: Troy | AM6: Mitch | AN6: Rob
B7: W4 | C7: Will (W) | AH7: Will - Blue | AJ7: Mitch | AK7: 4 | AL7: Rob | AM7: Will | AN7: Troy
B8: W5 | C8: Steve (W)
B9: W6 | C9: Kyle (W)
B11: B1 | C11: Mitch (A) | AI11: Results
B12: B2 | C12: Miller (A) | AH12: 1 | AI12: Rob | AJ12: Dutch
B13: B3 | C13: Ryan (A) | F13: Match Play - Friday/Saturday | AH13: 2 | AI13: Troy | AJ13: Ryan
B14: B4 | C14: Adam (A) | G14: Match Play 1 (Friday Morning) | P14: Match Play 2 (Saturday Morning) | Y14: Match Play 3 (Saturday Evening) | AH14: 3 | AI14: Will | AJ14: Joe
B15: B5 | C15: Charlie (A) | G15: ='Schedule New'!WhiteP1 -> Rob (W) | H15: v | I15: ='Schedule New'!BlackP1 -> Mitch (A) | K15: ='Schedule New'!BlueP1 -> Troy (B) | L15: v | M15: ='Schedule New'!RedP1 -> Eric (R) | P15: =C4 -> Rob (W) | Q15: v | R15: =M15 -> Eric (R) | T15: =C11 -> Mitch (A) | U15: v | V15: =K15 -> Troy (B) | Y15: =P15 -> Rob (W) | Z15: v | AA15: =V15 -> Troy (B) | AC15: =R15 -> Eric (R) | AD15: v | AE15: =T15 -> Mitch (A) | AH15: 4 | AI15: Mitch | AJ15: Rocky
B16: B6 | C16: Paul (A) | AH16: 5 | AI16: Mitch | AJ16: Paul
AH17: 6 | AI17: Will | AJ17: Kelly
B18: H1 | C18: Troy (B) | G18: ='Schedule New'!WhiteP2 -> Dutch (W) | H18: v | I18: ='Schedule New'!RedP2 -> Andy (R) | K18: ='Schedule New'!BlackP2 -> Miller (A) | L18: v | M18: ='Schedule New'!BlueP2 -> Rocky (B) | P18: =G18 -> Dutch (W) | Q18: v | R18: =M18 -> Rocky (B) | T18: =I18 -> Andy (R) | U18: v | V18: =K18 -> Miller (A) | Y18: =P18 -> Dutch (W) | Z18: v | AA18: =V18 -> Miller (A) | AC18: =R18 -> Rocky (B) | AD18: v | AE18: =T18 -> Andy (R) | AH18: 7 | AI18: Troy | AJ18: Powell
B19: H2 | C19: Rocky (B) | AH19: 8 | AI19: Rob | AJ19: Adam
B20: H3 | C20: Matt B (B) | AH20: 9 | AI20: Rob | AJ20: Marcus
B21: H4 | C21: Kelly (B) | G21: ='Schedule New'!WhiteP3 -> Tyler (W) | H21: v | I21: ='Schedule New'!BlueP3 -> Matt B (B) | K21: ='Schedule New'!RedP3 -> Joe (R) | L21: v | M21: ='Schedule New'!BlackP3 -> Ryan (A) | P21: =G21 -> Tyler (W) | Q21: v | R21: =M21 -> Ryan (A) | T21: =I21 -> Matt B (B) | U21: v | V21: =K21 -> Joe (R) | Y21: =P21 -> Tyler (W) | Z21: v | AA21: =V21 -> Joe (R) | AC21: =R21 -> Ryan (A) | AD21: v | AE21: =T21 -> Matt B (B) | AH21: 10 | AI21: Troy | AJ21: Dave
B22: H5 | C22: Mikey (B) | AH22: 11 | AI22: Will | AJ22: Matt
B23: H6 | C23: Dave (B) | AH23: 12 | AI23: Mitch | AJ23: Andy
G24: ='Schedule New'!WhiteP4 -> Will (W) | H24: v | I24: ='Schedule New'!BlackP4 -> Adam (A) | K24: ='Schedule New'!BlueP4 -> Kelly (B) | L24: v | M24: ='Schedule New'!RedP4 -> JP (R) | P24: =G24 -> Will (W) | Q24: v | R24: =M24 -> JP (R) | T24: =I24 -> Adam (A) | U24: v | V24: =K24 -> Kelly (B) | Y24: =P24 -> Will (W) | Z24: v | AA24: =V24 -> Kelly (B) | AC24: =R24 -> JP (R) | AD24: v | AE24: =T24 -> Adam (A) | AH24: 13 | AI24: Mitch | AJ24: Sinacola
B25: O1 | C25: Eric (R) | AH25: 14 | AI25: Will | AJ25: Miller
B26: O2 | C26: Andy (R) | AH26: 15 | AI26: Troy | AJ26: Riley
B27: O3 | C27: Joe (R) | G27: ='Schedule New'!WhiteP5 -> Steve (W) | H27: v | I27: ='Schedule New'!RedP5 -> Marcus (R) | K27: ='Schedule New'!BlackP5 -> Charlie (A) | L27: v | M27: ='Schedule New'!BlueP5 -> Mikey (B) | P27: =G27 -> Steve (W) | Q27: v | R27: =M27 -> Mikey (B) | T27: =I27 -> Marcus (R) | U27: v | V27: =K27 -> Charlie (A) | Y27: =P27 -> Steve (W) | Z27: v | AA27: =V27 -> Charlie (A) | AC27: =R27 -> Mikey (B) | AD27: v | AE27: =T27 -> Marcus (R) | AH27: 16 | AI27: Rob | AJ27: Beeler
B28: O4 | C28: JP (R) | AH28: 17 | AI28: Rob | AJ28: Chad
B29: O5 | C29: Marcus (R) | AH29: 18 | AI29: Troy | AJ29: Mikey
B30: O6 | C30: Riley (R) | G30: ='Schedule New'!WhiteP6 -> Kyle (W) | H30: v | I30: ='Schedule New'!BlueP6 -> Dave (B) | K30: ='Schedule New'!RedP6 -> Riley (R) | L30: v | M30: ='Schedule New'!BlackP6 -> Paul (A) | P30: =G30 -> Kyle (W) | Q30: v | R30: =M30 -> Paul (A) | T30: =I30 -> Dave (B) | U30: v | V30: =K30 -> Riley (R) | Y30: =P30 -> Kyle (W) | Z30: v | AA30: =V30 -> Riley (R) | AC30: =R30 -> Paul (A) | AD30: v | AE30: =T30 -> Dave (B) | AH30: 19 | AI30: Will | AJ30: Mikey
AH31: 20 | AI31: Mitch | AJ31: Neil
F32: 3 man Scramble (Friday Evening)
G33: WHITE | M33: BLACK | T33: BLUE | AA33: RED
G34: =C4 -> Rob (W) | M34: =C11 -> Mitch (A) | T34: =C18 -> Troy (B) | AA34: =C25 -> Eric (R)
G35: =C5 -> Dutch (W) | M35: =C12 -> Miller (A) | T35: =C19 -> Rocky (B) | AA35: =C26 -> Andy (R)
G38: =C6 -> Tyler (W) | M38: =C13 -> Ryan (A) | T38: =C20 -> Matt B (B) | AA38: =C27 -> Joe (R)
G39: =C7 -> Will (W) | M39: =C14 -> Adam (A) | T39: =C21 -> Kelly (B) | AA39: =C28 -> JP (R)
G40: =C8 -> Steve (W) | M40: =C15 -> Charlie (A) | T40: =C22 -> Mikey (B) | AA40: =C29 -> Marcus (R)
G41: =C9 -> Kyle (W) | M41: =C16 -> Paul (A) | T41: =C23 -> Dave (B) | AA41: =C30 -> Riley (R)

Sheet Sheet24
B1: 44780 | C1: 0.8 | D1: 18 Hole Match | E1: 9 Hole Match | G1: Amount left | H1: Base Budget | I1: multiplier
A2: Eric | B2: -1.9 | C2: =B2 -> -1.9 | D2: =ROUND(C2,0) -> -2 | E2: =round(C2/2, 0) -> -1 | F2: =H2 -> 20 | G2: =F2-SUM(G9:G11) -> 0 | H2: 20 | I2: 2
A3: Mitch | B3: 3 | C3: =B3*0.8 -> 2.4 | D3: =ROUND(C3,0) -> 2 | E3: =round(C3/2, 0) -> 1 | F3: =round((B3*I2), 0) + H2 -> 26 | G3: =F3-SUM(I9:I11) -> -3
A4: Troy | B4: 3.3 | C4: =B4*0.8 -> 2.64 | D4: =ROUND(C4,0) -> 3 | E4: =round(C4/2, 0) -> 1 | F4: =round((B4*I2), 0) + H2 -> 27 | G4: =F4-SUM(K9:K11) -> -3
A5: Rob | B5: 5.3 | C5: =B5*0.8 -> 4.24 | D5: =ROUND(C5,0) -> 4 | E5: =round(C5/2, 0) -> 2 | F5: =round((B5*I2), 0) + H2 -> 31 | G5: =F5-SUM(M9:M11) -> -5
A6: Dutch | B6: 7.1 | C6: =B6*0.8 -> 5.68 | D6: =ROUND(C6,0) -> 6 | E6: =round(C6/2, 0) -> 3 | F6: =round((B6*I2), 0) + H2 -> 34 | G6: =F6-SUM(O9:O11) -> -7
A7: Andy | B7: 8 | C7: =B7*0.8 -> 6.4 | D7: =ROUND(C7,0) -> 6 | E7: =round(C7/2, 0) -> 3 | F7: =round((B7*I2), 0) + H2 -> 36 | G7: =F7-SUM(Q9:Q11) -> -8
A8: Dbo | B8: 7.9 | C8: =B8*0.8 -> 6.32 | D8: =ROUND(C8,0) -> 6 | E8: =round(C8/2, 0) -> 3 | H8: Eric | J8: Mitch | L8: Troy | N8: Rob | P8: Dutch | R8: Andy
A9: Miller | B9: 8.6 | C9: =B9*0.8 -> 6.88 | D9: =ROUND(C9,0) -> 7 | E9: =round(C9/2, 0) -> 3 | G9: 18 | H9: Rocky | I9: 20 | J9: Adam | K9: 20 | L9: Ryan | M9: 20 | N9: Will | O9: 21 | P9: Dbo | Q9: 24 | R9: Joe
A10: Will | B10: 10 | C10: =B10*0.8 -> 8 | D10: =ROUND(C10,0) -> 8 | E10: =round(C10/2, 0) -> 4 | G10: 1 | H10: Beeler | I10: 7 | J10: Kelly | K10: 9 | L10: Matt B | M10: 10 | N10: Charlie | O10: 12 | P10: Miller | Q10: 13 | R10: Paul
A11: Rocky | B11: 10.1 | C11: =B11*0.8 -> 8.08 | D11: =ROUND(C11,0) -> 8 | E11: =round(C11/2, 0) -> 4 | G11: 1 | H11: Riley | I11: 2 | J11: Mike T | K11: 1 | L11: Dave | M11: 6 | N11: Steve | O11: 8 | P11: JP | Q11: 7 | R11: Marcus
A12: Joe | B12: 10.3 | C12: =B12*0.8 -> 8.24 | D12: =ROUND(C12,0) -> 8 | E12: =round(C12/2, 0) -> 4
A13: Adam | B13: 10.4 | C13: =B13*0.8 -> 8.32 | D13: =ROUND(C13,0) -> 8 | E13: =round(C13/2, 0) -> 4
A14: Ryan | B14: 10.7 | C14: =B14*0.8 -> 8.56 | D14: =ROUND(C14,0) -> 9 | E14: =round(C14/2, 0) -> 4 | H14: Base = $20 | I14: Multiplier = 2x
A15: Steve | B15: 12 | C15: =B16*0.8 -> 10.32 | D15: =ROUND(C15,0) -> 10 | E15: =round(C15/2, 0) -> 5 | H15: Handicap | I15: Budget | J15: Adjusted Budget
A16: JP | B16: 12.9 | C16: =B17*0.8 -> 11.84 | D16: =ROUND(C16,0) -> 12 | E16: =round(C16/2, 0) -> 6 | G16: Eric | H16: -1.9 | I16: 20 | J16: =I16 -> 20
A17: Paul | B17: 14.8 | C17: =B18*0.8 -> 11.92 | D17: =ROUND(C17,0) -> 12 | E17: =round(C17/2, 0) -> 6 | G17: Mitch | H17: 3 | I17: =Round((H17*2), 0) + 20 -> 26 | J17: =I17 -> 26
A18: Charlie | B18: 14.9 | C18: =B19*0.8 -> 11.92 | D18: =ROUND(C18,0) -> 12 | E18: =round(C18/2, 0) -> 6 | G18: Troy | H18: 3.3 | I18: =Round((H18*2), 0) + 20 -> 27 | J18: 26
A19: Kelly | B19: 14.9 | C19: =B20*0.8 -> 12.48 | D19: =ROUND(C19,0) -> 12 | E19: =round(C19/2, 0) -> 6 | G19: Rob | H19: 5.3 | I19: =Round((H19*2), 0) + 20 -> 31 | J19: =I19 -> 31
A20: Matt B | B20: 15.6 | C20: =B21*0.8 -> 13.68 | D20: =ROUND(C20,0) -> 14 | E20: =round(C20/2, 0) -> 7 | G20: Dutch | H20: 7.1 | I20: =Round((H20*2), 0) + 20 -> 34 | J20: =I20 -> 34
A21: Mike T | B21: 17.1 | C21: =B22*0.8 -> 13.76 | D21: =ROUND(C21,0) -> 14 | E21: =round(C21/2, 0) -> 7 | G21: Andy | H21: 8 | I21: =Round((H21*2), 0) + 20 -> 36 | J21: =I21 -> 36
A22: Marcus | B22: 17.2 | C22: =B23*0.8 -> 16 | D22: =ROUND(C22,0) -> 16 | E22: =round(C22/2, 0) -> 8
A23: Dave | B23: 20 | C23: =B23*0.8 -> 16 | D23: =ROUND(C23,0) -> 16 | E23: =round(C23/2, 0) -> 8
A24: Kyle | B24: 20.9 | C24: =B24*0.8 -> 16.72 | D24: =ROUND(C24,0) -> 17 | E24: =round(C24/2, 0) -> 8
A25: Riley | B25: 21.4 | C25: =B25*0.8 -> 17.12 | D25: =ROUND(C25,0) -> 17 | E25: =round(C25/2, 0) -> 9

Sheet Schedule
B3: TEAMS | F3: Match Play - Friday | AJ3: Order
B4: W1 | C4: Rob (W) | G4: First 9 | P4: Second 9 | Y4: Third 9 | AH4: Mitch - Black | AJ4: Rob | AK4: 1 | AL4: Mitch | AM4: Troy | AN4: Will
B5: W2 | C5: Dutch (W) | G5: =WhiteP1 -> Rob (W) | H5: v | I5: =BlackP1 -> Mitch (A) | K5: =BlueP1 -> Will (B) | L5: v | M5: =RedP1 -> Troy (R) | P5: =C4 -> Rob (W) | Q5: v | R5: =M5 -> Troy (R) | T5: =C11 -> Mitch (A) | U5: v | V5: =K5 -> Will (B) | Y5: =P5 -> Rob (W) | Z5: v | AA5: =V5 -> Will (B) | AC5: =R5 -> Troy (R) | AD5: v | AE5: =T5 -> Mitch (A) | AH5: Rob - White | AJ5: Troy | AK5: 2 | AL5: Will | AM5: Rob | AN5: Mitch
B6: W3 | C6: Adam (W) | AH6: Troy - Red | AJ6: Will | AK6: 3 | AL6: Troy | AM6: Mitch | AN6: Rob
B7: W4 | C7: Chad (W) | AH7: Will - Blue | AJ7: Mitch | AK7: 4 | AL7: Rob | AM7: Will | AN7: Troy
B8: W5 | C8: Marcus (W) | G8: =WhiteP2 -> Dutch (W) | H8: v | I8: =RedP2 -> Ryan (R) | K8: =BlackP2 -> Rocky (A) | L8: v | M8: =BlueP2 -> Miller (B) | P8: =G8 -> Dutch (W) | Q8: v | R8: =M8 -> Miller (B) | T8: =I8 -> Ryan (R) | U8: v | V8: =K8 -> Rocky (A) | Y8: =P8 -> Dutch (W) | Z8: v | AA8: =V8 -> Rocky (A) | AC8: =R8 -> Miller (B) | AD8: v | AE8: =T8 -> Ryan (R)
B9: W6 | C9: Dave (W)
B11: B1 | C11: Mitch (A) | G11: =WhiteP3 -> Adam (W) | H11: v | I11: =BlueP3 -> Joe (B) | K11: =RedP3 -> Tyler (R) | L11: v | M11: =BlackP3 -> Andy (A) | P11: =G11 -> Adam (W) | Q11: v | R11: =M11 -> Andy (A) | T11: =I11 -> Joe (B) | U11: v | V11: =K11 -> Tyler (R) | Y11: =P11 -> Adam (W) | Z11: v | AA11: =V11 -> Tyler (R) | AC11: =R11 -> Andy (A) | AD11: v | AE11: =T11 -> Joe (B) | AI11: Results
B12: B2 | C12: Rocky (A) | AH12: 1 | AI12: Rob | AJ12: Dutch
B13: B3 | C13: Andy (A) | AH13: 2 | AI13: Troy | AJ13: Ryan
B14: B4 | C14: Paul (A) | G14: =WhiteP4 -> Chad (W) | H14: v | I14: =BlackP4 -> Paul (A) | K14: =BlueP4 -> Kelly (B) | L14: v | M14: =RedP4 -> Riley (R) | P14: =G14 -> Chad (W) | Q14: v | R14: =M14 -> Riley (R) | T14: =I14 -> Paul (A) | U14: v | V14: =K14 -> Kelly (B) | Y14: =P14 -> Chad (W) | Z14: v | AA14: =V14 -> Kelly (B) | AC14: =R14 -> Riley (R) | AD14: v | AE14: =T14 -> Paul (A) | AH14: 3 | AI14: Will | AJ14: Joe
B15: B5 | C15: Andrew (A) | AH15: 4 | AI15: Mitch | AJ15: Rocky
B16: B6 | C16: Neil (A) | AH16: 5 | AI16: Mitch | AJ16: Paul
G17: =WhiteP5 -> Marcus (W) | H17: v | I17: =RedP5 -> Powell (R) | K17: =BlackP5 -> Andrew (A) | L17: v | M17: =BlueP5 -> Mikey (B) | P17: =G17 -> Marcus (W) | Q17: v | R17: =M17 -> Mikey (B) | T17: =I17 -> Powell (R) | U17: v | V17: =K17 -> Andrew (A) | Y17: =P17 -> Marcus (W) | Z17: v | AA17: =V17 -> Andrew (A) | AC17: =R17 -> Mikey (B) | AD17: v | AE17: =T17 -> Powell (R) | AH17: 6 | AI17: Will | AJ17: Kelly
B18: BU1 | C18: Will (B) | AH18: 7 | AI18: Troy | AJ18: Powell
B19: BU2 | C19: Miller (B) | AH19: 8 | AI19: Rob | AJ19: Adam
B20: BU3 | C20: Joe (B) | G20: =WhiteP6 -> Dave (W) | H20: v | I20: =BlueP6 -> Matt (B) | K20: =RedP6 -> Beeler (R) | L20: v | M20: =BlackP6 -> Neil (A) | P20: =G20 -> Dave (W) | Q20: v | R20: =M20 -> Neil (A) | T20: =I20 -> Matt (B) | U20: v | V20: =K20 -> Beeler (R) | Y20: =P20 -> Dave (W) | Z20: v | AA20: =V20 -> Beeler (R) | AC20: =R20 -> Neil (A) | AD20: v | AE20: =T20 -> Matt (B) | AH20: 9 | AI20: Rob | AJ20: Marcus
B21: BU4 | C21: Kelly (B) | AH21: 10 | AI21: Troy | AJ21: Dave
B22: BU5 | C22: Mikey (B) | AH22: 11 | AI22: Will | AJ22: Matt
B23: BU6 | C23: Matt (B) | AH23: 12 | AI23: Mitch | AJ23: Andy
F24: Ryder Cup Scramble - Sunday | AH24: 13 | AI24: Mitch | AJ24: Sinacola
B25: R1 | C25: Troy (R) | G25: WHITE | M25: BLACK | T25: BLUE | AA25: RED | AH25: 14 | AI25: Will | AJ25: Miller
B26: R2 | C26: Ryan (R) | G26: =C4 -> Rob (W) | M26: =C11 -> Mitch (A) | T26: =C18 -> Will (B) | AA26: =C25 -> Troy (R) | AH26: 15 | AI26: Troy | AJ26: Riley
B27: R3 | C27: Tyler (R) | G27: =C5 -> Dutch (W) | M27: =C12 -> Rocky (A) | T27: =C19 -> Miller (B) | AA27: =C26 -> Ryan (R) | AH27: 16 | AI27: Rob | AJ27: Beeler
B28: R4 | C28: Riley (R) | AH28: 17 | AI28: Rob | AJ28: Chad
B29: R5 | C29: Powell (R) | AH29: 18 | AI29: Troy | AJ29: Mikey
B30: R6 | C30: Beeler (R) | G30: =C6 -> Adam (W) | M30: =C13 -> Andy (A) | T30: =C20 -> Joe (B) | AA30: =C27 -> Tyler (R) | AH30: 19 | AI30: Will | AJ30: Mikey
G31: =C7 -> Chad (W) | M31: =C14 -> Paul (A) | T31: =C21 -> Kelly (B) | AA31: =C28 -> Riley (R) | AH31: 20 | AI31: Mitch | AJ31: Neil
G32: =C8 -> Marcus (W) | M32: =C15 -> Andrew (A) | T32: =C22 -> Mikey (B) | AA32: =C29 -> Powell (R)
G33: =C9 -> Dave (W) | M33: =C16 -> Neil (A) | T33: =C23 -> Matt (B) | AA33: =C30 -> Beeler (R)

Sheet Tee Times
A1: MATCH PLAY - Friday
A2: Tulleymore | B2: First 18 | G2: Third 9
A3: 0.39583333 | B3: Adam | C3: Andy | D3: Tyler | E3: Joe | F3: Flight 3 | G3: 0.66666667
A4: 0.40277778 | B4: Matt | C4: Kyle | D4: Neil | E4: Dave | F4: Flight 6 | G4: 0.67361111
A5: 0.40972222 | B5: Paul | C5: Chad | D5: Riley | E5: Kelly | F5: Flight 4 | G5: 420
A6: 0.41666667 | B6: Rocky | C6: Miller | D6: Dutch | E6: Ryan | F6: Flight 2 | G6: 430
A7: 0.42361111 | B7: Powell | C7: Mikey | D7: Andrew | E7: Marcus | F7: Flight 5 | G7: 440
A8: 0.43055556 | B8: Troy | C8: Mitch | D8: Rob | E8: Will | F8: Flight 1 | G8: 450
A11: St Ives | B11: BEST BALL - Saturday
A12: 0.29861111 | B12: Troy | C12: Riley | D12: Rob | E12: Marcus
A13: 0.30555556 | B13: Ryan | C13: Powell | D13: Adam | E13: Chad
A14: 0.3125 | B14: Rocky | C14: Andrew | D14: Miller | E14: Joe
A15: 0.31944444 | B15: Dutch | C15: Dave | D15: Will | E15: Matt
A16: 0.32638889 | B16: Tyler | C16: Beeler | D16: Mitch | E16: Paul
A17: 0.33333333 | B17: Andy | C17: Neil | D17: Mikey | E17: Kelly
A20: Hawk Hollow | B20: SCRAMBLE - Sunday
A21: 0.36805556 | B21: Will | C21: Miller | D21: Troy | E21: Ryan
A22: 0.375 | B22: Rob | C22: Dutch | D22: Mitch | E22: Rocky
A23: 0.38194444 | B23: Andy | C23: Paul | D23: Sinacola | E23: Neil
A24: 0.38888889 | B24: Adam | C24: Chad | D24: Marcus | E24: Beeler
A25: 0.39583333 | B25: Joe | C25: Kelly | D25: Mikey | E25: Matt
A26: 0.40277778 | B26: Andrew | C26: Riley | D26: Powell | E26: Dave

Sheet Itinerary
A1: THURSDAY: | C1: Location | D1: Address:
C2: Boyne Highlands Main Lodge (Check-in) | D2: 600 Highlands Dr, Harbor Springs, MI 49740
A3: 11:00am - Welcome and lunch at Crooked Tree Grille | C3: Bay Harbor Golf Course | D3: 5800 Coastal Ridge Dr, Bay Harbor, MI 49770
C4: Pierson's Grille & Spirits | D4: 130 State St, Harbor Springs, MI 49740
A5: 12:30pm - Day 1: Best Ball - Crooked Tree | C5: Seminole Pub (Lunch Saturday) | D5: 600 Highlands Drive, Harbor Springs, MI 49740
A7: 6:00pm - Leave Crooked Tree for Dinner downtown Harbor Springs
A9: 6:30pm - Reservation at Pierson's Grille & Spirits
A11: 7:30pm - Flight Announcements
A13: FRIDAY:
A15: 6:00am - Breakfast Opens at Main Dining Room
A17: 7:45am - Sandbagger Picture on 1st Tee
A19: 8:00am - Day 2 Flights: Bay Harbor - Links/Quarry
A21: 1:00pm - Lunch at The Quarry Corner (Food Truck Onsite)
A23: 1:50pm - Day 2 Flights: Bay Harbor - Quarry/Preserve
A25: 6:30pm - Cocktails on Patio
A27: 7:00pm - Dinner reservation at The Links Grille
A29: 8:00pm - Auction Scramble Draft
... A47: 8:00am - Checkout, Goodbyes, and take off

Sheet Course Schedule
A1: Date | B1: Time | C1: Course | D1: Event
A2: Thursday (8/7) | B2: 0.52083333 | C2: Crooked Tree | D2: Invididual Match Play (Best Ball)
A3: Friday (8/8) | B3: 0.33333333 | C3: BH: Links/Quarry | D3: Flights: First 18
A4: Friday (8/8) | B4: 0.57638889 | C4: BH: Quarry/Preserve | D4: Flights: Second 18
A5: Saturday (8/9) | B5: 0.27083333 | C5: The Moor | D5: Match Play Bracket (Best Ball)
A6: Saturday (8/9) | B6: 0.52777778 | C6: Donald Ross Memorial | D6: Annual Sandbagger Scramble
A7: Saturday (8/9) | B7: 0.73611111 | C7: Donald Ross Memorial | D7: Final 9 - Annual Sandbagger Scramble

Sheet Room Listing
A1: ROOM LISTING | C1: Gambling Paid? (Rocky $100) | D1: Dinner at Bay Harbor (Venmo Brett $TBD) | E1: Pizza Saturday Night (Venmo Miller $20)
A2: Condo 1 | B2: Brett Dutcher | C2: X
A3: Condo 1 | B3: James Dutcher | C3: X
A4: Condo 1 | B4: Mitch Howell | C4: X
A5: Condo 1 | B5: Andy Savela | C5: X
A6: Condo 2 | B6: Kelly O'Brien | C6: X
A7: Condo 2 | B7: Mikey Tangalakis | C7: X
A8: Condo 2 | B8: Matt Miller | C8: X
A9: Condo 2 | B9: Kyle Beeler | C9: X
A10: Condo 3 | B10: Rocky Wiltsey | C10: X
A11: Condo 3 | B11: Riley O'Neal | C11: X
A12: Condo 3 | B12: Adam Powell | C12: X
A13: Condo 3 | B13: John Sinacola | C13: X
... A21: Condo 5 | B21: Marcus Swartz | C21: X

Sheet Tee Sheet
A1: TEE SHEET
A3: Thursday - Best Ball
A4: 0.52083333 | B4: Miller | C4: Kelly | D4: Rob | E4: Jeff
A5: 0.52777778 | B5: Marcus | C5: Adam | D5: Rocky | E5: Ryan
A6: 0.53472222 | B6: Matt | C6: Riley | D6: Brett | E6: James
A7: 0.041666667 | B7: Mitch | C7: Sina | D7: Andy | E7: Dave
A8: 0.048611111 | B8: Kyle | C8: Troy | D8: Mikey | E8: Eric
A10: Friday - Flights
A11: First 18
A12: 0.33333333 | B12: Eric | C12: Mitch | D12: James | E12: Sina | F12: Flight 1
A13: 0.34027778 | B13: Rocky | C13: Dutch | D13: Adam | E13: Mikey | F13: Flight 2
A14: 0.34722222 | B14: Ryan | C14: Marcus | D14: Rob | E14: Jeff | F14: Flight 3
A15: 0.35416667 | B15: Andy | C15: Troy | D15: Kelly | E15: Riley | F15: Flight 4
A16: 0.36111111 | B16: Dave | C16: Matt | D16: Kyle | E16: Miller | F16: Flight 5
A18: Second 18
A19: 0.076388889 | B19: Eric | C19: Mitch | D19: James | E19: Sina | F19: Flight 1
A20: 0.083333333 | B20: Rocky | C20: Dutch | D20: Adam | E20: Mikey | F20: Flight 2
A21: 0.090277778 | B21: Ryan | C21: Marcus | D21: Rob | E21: Jeff | F21: Flight 3
A22: 0.097222222 | B22: Andy | C22: Troy | D22: Kelly | E22: Riley | F22: Flight 4
A23: 0.10416667 | B23: Dave | C23: Matt | D23: Kyle | E23: Miller | F23: Flight 5
A25: Saturday - Best Ball
A26: 0.27083333 | B26: Riley | C26: Mikey | D26: Marcus | E26: Kyle | F26: Bottom 4 (super losers)
A27: 0.27777778 | B27: Rocky | C27: Kelly | D27: Sina | E27: Miller | F27: Losers 1
A28: 0.28472222 | B28: Eric | C28: Andy | D28: Ryan | E28: Dave | F28: Losers 2
A29: 0.29166667 | B29: Mitch | C29: Troy | D29: Matt | E29: James | F29: Winners 1
A30: 0.29861111 | B30: Dutch | C30: Rob | D30: Adam | E30: Jeff | F30: Winners 2
A33: Saturday Scramble - first 18
A34: 0.52777778 | B34: Troy
A35: 0.53472222 | B35: Eric
A36: 0.041666667 | B36: Adam
A37: 0.048611111 | B37: Dutch
A38: 0.055555556 | B38: Rob
A40: Saturday Scramble - last 9
A41: 0.23611111
A42: 0.24305556
A43: 0.25
A44: 0.25694444
A45: 0.26388889

Sheet Handicaps
A1: Player | B1: Handicap | C1: 80% | D1: 100% | E1: 9 holes
A2: Eric Swiatek | B2: 0.03 | C2: =ROUND(B2*0.8,0) -> 0 | D2: =round(B2,0) -> 0 | E2: =round(B2/2,0) -> 0
A3: Troy Line | B3: 3.8 | C3: =ROUND(B3*0.8,0) -> 3 | D3: =round(B3,0) -> 4 | E3: =round(B3/2,0) -> 2
A4: Jeff Boss | B4: 4 | C4: =ROUND(B4*0.8,0) -> 3 | D4: =round(B4,0) -> 4 | E4: =round(B4/2,0) -> 2
A5: Mitch Howell | B5: 5.2 | C5: =ROUND(B5*0.8,0) -> 4 | D5: =round(B5,0) -> 5 | E5: =round(B5/2,0) -> 3
A6: Adam Powell | B6: 6 | C6: =ROUND(B6*0.8,0) -> 5 | D6: =round(B6,0) -> 6 | E6: =round(B6/2,0) -> 3
A7: Rob Boss | B7: 7.4 | C7: =ROUND(B7*0.8,0) -> 6 | D7: =round(B7,0) -> 7 | E7: =round(B7/2,0) -> 4
A8: Brett Dutcher | B8: 7.9 | C8: =ROUND(B8*0.8,0) -> 6 | D8: =round(B8,0) -> 8 | E8: =round(B8/2,0) -> 4
A9: Rocky Wiltsey | B9: 7.9 | C9: =ROUND(B9*0.8,0) -> 6 | D9: =round(B9,0) -> 8 | E9: =round(B9/2,0) -> 4
A10: James Dutcher | B10: 9.3 | C10: =ROUND(B10*0.8,0) -> 7 | D10: =round(B10,0) -> 9 | E10: =round(B10/2,0) -> 5
A11: Andy Savela | B11: 10 | C11: =ROUND(B11*0.8,0) -> 8 | D11: =round(B11,0) -> 10 | E11: =round(B11/2,0) -> 5
A12: Matt Miller | B12: 10.2 | C12: =ROUND(B12*0.8,0) -> 8 | D12: =round(B12,0) -> 10 | E12: =round(B12/2,0) -> 5
A13: Ryan Terbush | B13: 11 | C13: =ROUND(B13*0.8,0) -> 9 | D13: =round(B13,0) -> 11 | E13: =round(B13/2,0) -> 6
... A21: Riley O'Neal | B21: 21 | C21: =ROUND(B21*0.8,0) -> 17 | D21: =round(B21,0) -> 21 | E21: =round(B21/2,0) -> 11

Sheet Day 1 Best Ball
A1: BEST BALL
A2: Won? | B2: Score | H2: Won? | I2: Score
C3: Miller | D3: Kelly | E3: vs | F3: Rob | G3: Jeff
C4: Marcus | D4: Adam | E4: vs | F4: Rocky | G4: Ryan
C5: Matt | D5: Riley | E5: vs | F5: Brett | G5: James
C6: Mitch | D6: Sina | E6: vs | F6: Andy | G6: Dave
C7: Kyle | D7: Troy | E7: vs | F7: Mikey | G7: Eric

Sheet Day 2 Flights
A1: FLIGHTS
A3: Flight 1 | B3: Eric | C3: Mitch | D3: James | E3: Sina
A4: Place | B4: 4 | C4: 1 | D4: 2 | E4: 3
A6: Flight 2 | B6: Rocky | C6: Dutch | D6: Adam | E6: Mikey
A7: Place | B7: 3 | C7: 1 | D7: 2 | E7: 4
A9: Flight 3 | B9: Ryan | C9: Marcus | D9: Rob | E9: Jeff
A10: Place | B10: 3 | C10: 4 | D10: 2 | E10: 1
A12: Flight 4 | B12: Andy | C12: Troy | D12: Kelly | E12: Riley
A13: Place | B13: 3 | C13: 1 | D13: 2 | E13: 4
A15: Flight 5 | B15: Dave | C15: Matt | D15: Kyle | E15: Miller
A16: Place | B16: 3 | C16: 1 | D16: 4 | E16: 2

Sheet Day 3 Knockout
A1: Winners
A2: Adam Jeff
C4: Rob Dutch
A5: Rob Dutch
E7: Rob Dutch
A8: Mitch Troy | E8: CHAMPS
C10: Matt James
A11: Matt James
A13: Losers | G13: Super Losers
A14: Rocky Kelly | G14: Mikey and Riley
C16: Rocky Kelly | I16: Mikey and Riley
A17: Miller sina | G17: Marcus Kyle | I17: SUPER LOSERS
E19: Eric Andy
A20: Eric Andy | E20: LOSERS
C22: Eric Andy
A23: Ryan Dave

Sheet Map

Sheet Sandbaggers Archive
A1: https://docs.google.com/spreadsheets/d/1CGxGbgkn63bh_e7nrD--YBO4YYbq8ggHHiq7Vi-hmI0/edit?usp=drivesdk

Sheet RSVP
A1: MARK WITH AN "X" IF ATTENDING EACH
C2: Dutch | D2: Rocky | E2: Eric | F2: Mitch | G2: Andy | H2: Miller | I2: Joe | J2: Kelly | K2: Dave | L2: Marcus | M2: Sina | N2: Kyle | O2: Jason | P2: Troy | Q2: Rob | R2: Ryan | S2: Powell | T2: Adam | U2: Mikey | V2: Matt | W2: Riley | X2: Zab | Y2: Ganci | Z2: Sub
A3: WEDNESDAY (OPTIONAL)
A4: 2-5:00pm - Boat Day on Lake Monroe | B4: =COUNTA(C4:AG4) -> 8 | C4: X | D4: X | M4: X | N4: X | Q4: X | S4: X | T4: X | W4: X
A5: 7:00pm - Dinner and Drinks at Nick's | B5: =COUNTA(C5:AG5) -> 11 | C5: X | D5: X | I5: X | L5: X | M5: X | N5: X | P5: X | Q5: X | S5: X | T5: X | W5: X
A7: THURSDAY (OPTIONAL)
A8: 8:30am - Golf at the Valley Course | B8: =COUNTA(C8:AG8) -> 12 | C8: X | D8: X | H8: X | I8: X | L8: X | M8: X | N8: X | P8: X | Q8: X | S8: X | T8: X | W8: X
A9: 3:30pm - Go Kart Racing | B9: =COUNTA(C9:AG9) -> 16 | C9: X | D9: X | H9: X | I9: X | J9: X | L9: X | M9: X | N9: X | P9: X | Q9: X | R9: X | S9: X | T9: X | U9: X | W9: X | Z9: Maaaaybe…working on logistics
A10: 7:00pm - Dinner at Moo Moos Steakhouse | B10: =COUNTA(C10:AG10) -> 21 | C10: X | D10: X | G10: X | H10: X | I10: X | J10: X | K10: X | L10: X | M10: X | N10: X | P10: X | Q10: X | R10: X | S10: X | T10: X | U10: X | V10: X | W10: X | X10: X | Y10: X | Z10: X
A12: Do you have a Sandbagger X polo (that fits)? | B12: =COUNTA(C12:AG12) -> 23 | C12: Yes | D12: Yes | E12: Yes | F12: Yes | G12: Yes | H12: Yes | I12: Yes | J12: Yes | K12: Yes | L12: Yes | M12: No | N12: No | O12: No | P12: Yes | Q12: Yes | R12: Yes | S12: Yes | T12: Yes, +2 | U12: Yes | V12: Yes | W12: Yes | X12: No | Y12: No
B13: =COUNTA(C13:AG13) -> 23 | C13: L | D13: M | E13: L | F13: M | G13: M | H13: L | I13: M | J13: L | K13: L | L13: L | M13: L | N13: XL | O13: M | P13: M | Q13: XL | R13: M | S13: XL | T13: M | U13: S | V13: L | W13: XL | X13: S | Y13: L
C14: Black | D14: White | E14: Black | F14: Black | G14: Black | H14: Black | I14: Black | J14: Black | K14: Black | L14: Black | M14: Black | N14: Black | O14: Black | P14: White | Q14: White | R14: White | S14: White | T14: White | U14: White | V14: White | W14: White | X14: White | Y14: White | Z14: White
B16: Charlie | C16: White | D16: 2XL
B17: Will | C17: Black | D17: L
B18: Paul | C18: Whilte | D18: L

Sheet Community Check list 
A1: Name | B1: Item(s)
A2: Ryan | B2: Paper Towel, Plastic Silverware, Paper Plates, Lysol, Hand Sanitizer, Garbage Bags / Poker Chips / Cornhole Bags / Frisbee
A3: Rob | B3: 4 Folding Chairs, Beersbie (Need Frisbie)
A4: Adam | B4: Tailgate Tent
A5: Andy | B5: Kan Jam & Washers
A6: Brett | B6: Cornhole Boards
A7: Miller | B7: Shine, Poker Chips, Poker Table, Fold Up Table, Golf Net & Mat (Rob's), Tent (Boucher's), Folding Chair
A8: Paul | B8: Portable Fire Pit
A9: Rocky | B9: Cornhole boards and bags

Sheet Best Ball Scrolf
A1: =IFERROR(__xludf.DUMMYFUNCTION("importhtml(""https://www.scrolf.com/mobile/Leaderboard.aspx?EventID=50177&AdID=1&leaderboard=12&flight=&lbsort="", ""table"", 3)"),"") | B1: =IFERROR(__xludf.DUMMYFUNCTION("""COMPUTED_VALUE"""),"Player/Team") -> Player/Team | C1: =IFERROR(__xludf.DUMMYFUNCTION("""COMPUTED_VALUE"""),"To Par (Gross)") -> To Par (Gross) | D1: =IFERROR(__xludf.DUMMYFUNCTION("""COMPUTED_VALUE"""),"To Par (Net)") -> To Par (Net) | E1: =IFERROR(__xludf.DUMMYFUNCTION("""COMPUTED_VALUE"""),"Thru") -> Thru
B2: =IFERROR(__xludf.DUMMYFUNCTION("""COMPUTED_VALUE"""),"Team 1 (Riley (R), Troy (R))") -> Team 1 (Riley (R), Troy (R))
B3: =IFERROR(__xludf.DUMMYFUNCTION("""COMPUTED_VALUE"""),"Team 10 (Mitch (A), Paul (A))") -> Team 10 (Mitch (A), Paul (A))
B4: =IFERROR(__xludf.DUMMYFUNCTION("""COMPUTED_VALUE"""),"Team 11 (Andy (A), Neil (A))") -> Team 11 (Andy (A), Neil (A))
B5: =IFERROR(__xludf.DUMMYFUNCTION("""COMPUTED_VALUE"""),"Team 12 (Kelly (B), Mikey (B))") -> Team 12 (Kelly (B), Mikey (B))
B6: =IFERROR(__xludf.DUMMYFUNCTION("""COMPUTED_VALUE"""),"Team 2 (Marcus (W), Rob (W))") -> Team 2 (Marcus (W), Rob (W))
B7: =IFERROR(__xludf.DUMMYFUNCTION("""COMPUTED_VALUE"""),"Team 3 (Powell (R), Ryan (R))") -> Team 3 (Powell (R), Ryan (R))
B8: =IFERROR(__xludf.DUMMYFUNCTION("""COMPUTED_VALUE"""),"Team 4 (Adam (W), Chad (W))") -> Team 4 (Adam (W), Chad (W))
B9: =IFERROR(__xludf.DUMMYFUNCTION("""COMPUTED_VALUE"""),"Team 5 (Andrew (A), Rocky (A))") -> Team 5 (Andrew (A), Rocky (A))
B10: =IFERROR(__xludf.DUMMYFUNCTION("""COMPUTED_VALUE"""),"Team 6 (Joe (B), Miller (B))") -> Team 6 (Joe (B), Miller (B))
B11: =IFERROR(__xludf.DUMMYFUNCTION("""COMPUTED_VALUE"""),"Team 7 (Dave (W), Dutch (W))") -> Team 7 (Dave (W), Dutch (W))
B12: =IFERROR(__xludf.DUMMYFUNCTION("""COMPUTED_VALUE"""),"Team 8 (Matt (B), Will (B))") -> Team 8 (Matt (B), Will (B))
B13: =IFERROR(__xludf.DUMMYFUNCTION("""COMPUTED_VALUE"""),"Team 9 (Beeler (R), Tyler (R))") -> Team 9 (Beeler (R), Tyler (R))

Sheet Scramble Scrolf
A1: =IFERROR(__xludf.DUMMYFUNCTION("importhtml(""https://www.scrolf.com/mobile/Leaderboard.aspx?EventID=50739"", ""table"", 3)"),"") | B1: =IFERROR(__xludf.DUMMYFUNCTION("""COMPUTED_VALUE"""),"Player/Team") -> Player/Team | C1: =IFERROR(__xludf.DUMMYFUNCTION("""COMPUTED_VALUE"""),"To Par") -> To Par | D1: =IFERROR(__xludf.DUMMYFUNCTION("""COMPUTED_VALUE"""),"Thru") -> Thru
B2: =IFERROR(__xludf.DUMMYFUNCTION("""COMPUTED_VALUE"""),"Adam/ Chad/ Marcus/Dave (W)") -> Adam/ Chad/ Marcus/Dave (W)
B3: =IFERROR(__xludf.DUMMYFUNCTION("""COMPUTED_VALUE"""),"Andy/ Paul/ Andrew/Neil (A)") -> Andy/ Paul/ Andrew/Neil (A)
B4: =IFERROR(__xludf.DUMMYFUNCTION("""COMPUTED_VALUE"""),"Joe/ Kelly/ Mikey/Matt (B)") -> Joe/ Kelly/ Mikey/Matt (B)
B5: =IFERROR(__xludf.DUMMYFUNCTION("""COMPUTED_VALUE"""),"Mitch/Rocky (A)") -> Mitch/Rocky (A)
B6: =IFERROR(__xludf.DUMMYFUNCTION("""COMPUTED_VALUE"""),"Rob/Dutch (W)") -> Rob/Dutch (W)
B7: =IFERROR(__xludf.DUMMYFUNCTION("""COMPUTED_VALUE"""),"Troy/Ryan (R)") -> Troy/Ryan (R)
B8: =IFERROR(__xludf.DUMMYFUNCTION("""COMPUTED_VALUE"""),"Tyler/ Riley/ Powell/ Beeler (R)") -> Tyler/ Riley/ Powell/ Beeler (R)
B9: =IFERROR(__xludf.DUMMYFUNCTION("""COMPUTED_VALUE"""),"Will/Miller (B)") -> Will/Miller (B)

Sheet Points
B3: Friday | F3: Saturday | J3: Sunday
B4: Flight Finish | C4: Points | D4: Total | F4: Finish | G4: Points | J4: Finish | K4: Points
B5: 1 | C5: 2 | D5: =C5*6 -> 12 | F5: 1 | G5: 8 | J5: 1 | K5: 10
B6: 2 | C6: 1 | D6: =C6*6 -> 6 | F6: 2 | G6: 6 | J6: 2 | K6: 7
B7: 3 | C7: 0.5 | D7: =C7*6 -> 3 | F7: 3 | G7: 5 | J7: 3 | K7: 5
B8: 4 | C8: 0 | D8: =C8*6 -> 0 | F8: 4 | G8: 4 | J8: 4 | K8: 3
F9: 5 | G9: 3 | J9: 5 | K9: 2
D10: =SUM(D5:D9) -> 21 | F10: 6 | G10: 2 | J10: 6 | K10: 1
F11: 7 | G11: 1 | J11: 7 | K11: 0
F12: 8 | G12: 0 | J12: 8 | K12: 0
F13: 9 | G13: 0
F14: 10 | G14: -1 | K14: =SUM(K5:K12) -> 28
F15: 11 | G15: -2
F16: 12 | G16: -3
B18: Match Play Points | G18: =SUM(G5:G16) -> 23
B19: W | C19: 3
B20: Halved | C20: 1
B21: L | C21: 0
B23: Scramble Net Points
B24: 1 | C24: =If(SUMPRODUCT(COUNTIF(ScrambleLeaderboard,"T1"))>0, vlookup(SUMPRODUCT(COUNTIF(ScrambleLeaderboard,"T1")), ScramblePointsFirst, 2, false), ScramblePointsFirstDefault) -> 10
B25: 2 | C25: =If(SUMPRODUCT(COUNTIF(ScrambleLeaderboard,"T2"))>0, vlookup(SUMPRODUCT(COUNTIF(ScrambleLeaderboard,"T2")), ScramblePointsSecond, 2, false), ScramblePointsSecondDefault) -> 7
B26: 3 | C26: =If(SUMPRODUCT(COUNTIF(ScrambleLeaderboard,"T3"))>0, vlookup(SUMPRODUCT(COUNTIF(ScrambleLeaderboard,"T3")), ScramblePointsThird, 2, false), ScramblePointsThirdDefault) -> 5
B27: 4 | C27: =If(SUMPRODUCT(COUNTIF(ScrambleLeaderboard,"T4"))>0, vlookup(SUMPRODUCT(COUNTIF(ScrambleLeaderboard,"T4")), ScramblePointsFourth, 2, false), ScramblePointsFourthDefault) -> 3
B28: 5 | C28: =If(SUMPRODUCT(COUNTIF(ScrambleLeaderboard,"T5"))>0, vlookup(SUMPRODUCT(COUNTIF(ScrambleLeaderboard,"T5")), ScramblePointsFifth, 2, false), ScramblePointsFifthDefault) -> 2
B29: 6 | C29: =If(SUMPRODUCT(COUNTIF(ScrambleLeaderboard,"T6"))>0, vlookup(SUMPRODUCT(COUNTIF(ScrambleLeaderboard,"T6")), ScramblePointsSixth, 2, false), ScramblePointsSixthDefault) -> 1
B30: 7 | C30: =If(SUMPRODUCT(COUNTIF(ScrambleLeaderboard,"T7"))>0, vlookup(SUMPRODUCT(COUNTIF(ScrambleLeaderboard,"T7")), ScramblePointsSeventh, 2, false), ScramblePointsSeventhDefault) -> 0
B31: 8 | C31: =If(SUMPRODUCT(COUNTIF(ScrambleLeaderboard,"T8"))>0, vlookup(SUMPRODUCT(COUNTIF(ScrambleLeaderboard,"T8")), ScramblePointsEighth, 2, false), ScramblePointsEighthDefault) -> 0
B33: First | D33: Second | F33: Third | H33: Fourth | J33: Fifth | L33: Sixth | N33: Seventh | P33: Eighth
B34: Number of teams | C34: Points | D34: Number of teams | E34: Points | F34: Number of teams | G34: Points | H34: Number of teams | I34: Points | J34: Number of teams | K34: Points | L34: Number of teams | M34: Points | N34: Number of teams | O34: Points | P34: Number of teams | Q34: Points
B35: 1 | C35: =_xlfn.Floor.Math(K5, 0.5, 1) -> 10 | D35: 1 | E35: =_xlfn.Floor.Math(K6, 0.5, 1) -> 7 | F35: 1 | G35: =_xlfn.Floor.Math(K7, 0.5, 1) -> 5 | H35: 1 | I35: =_xlfn.Floor.Math(K8, 0.5, 1) -> 3 | J35: 1 | K35: =_xlfn.Floor.Math(K9, 0.5, 1) -> 2 | L35: 1 | M35: =_xlfn.Floor.Math(K10, 0.5, 1) -> 1 | N35: 1 | O35: =_xlfn.Floor.Math(K11, 0.5, 1) -> 0 | P35: 1 | Q35: =_xlfn.Floor.Math(K12, 0.5, 1) -> 0
B36: 2 | C36: =_xlfn.Floor.Math((K5+K6)/2, 0.5, 1) -> 8.5 | D36: 2 | E36: =_xlfn.Floor.Math((K6+K7)/2, 0.5, 1) -> 6 | F36: 2 | G36: =_xlfn.Floor.Math((K7+K8)/2, 0.5, 1) -> 4 | H36: 2 | I36: =_xlfn.Floor.Math((K8+K9)/2, 0.5, 1) -> 2.5 | J36: 2 | K36: =_xlfn.Floor.Math((K9+K10)/2, 0.5, 1) -> 1.5 | L36: 2 | M36: =_xlfn.Floor.Math((K10+K11)/2, 0.5, 1) -> 0.5 | N36: 2 | O36: =_xlfn.Floor.Math((K11+K12)/2, 0.5, 1) -> 0
B37: 3 | C37: =_xlfn.Floor.Math((K5+K6+K7)/3, 0.5, 1) -> 7 | D37: 3 | E37: =_xlfn.Floor.Math((K6+K7+K8)/3, 0.5, 1) -> 5 | F37: 3 | G37: =_xlfn.Floor.Math((K7+K8+K9)/3, 0.5, 1) -> 3 | H37: 3 | I37: =_xlfn.Floor.Math((K8+K9+K10)/3, 0.5, 1) -> 2 | J37: 3 | K37: =_xlfn.Floor.Math((K9+K10+K11)/3, 0.5, 1) -> 1 | L37: 3 | M37: =_xlfn.Floor.Math((K10+K11+K12)/3, 0.5, 1) -> 0
B38: 4 | C38: =_xlfn.Floor.Math((K5+K6+K7+K8)/4, 0.5, 1) -> 6 | D38: 4 | E38: =_xlfn.Floor.Math((K6+K7+K8+K9)/4, 0.5, 1) -> 4 | F38: 4 | G38: =_xlfn.Floor.Math((K7+K8+K9+K10)/4, 0.5, 1) -> 2.5 | H38: 4 | I38: =_xlfn.Floor.Math((K8+K9+K10+K11)/4, 0.5, 1) -> 1.5 | J38: 4 | K38: =_xlfn.Floor.Math((K9+K10+K11+K12)/4, 0.5, 1) -> 0.5
B39: 5 | C39: =_xlfn.Floor.Math((K5+K6+K7+K8+K9)/5, 0.5, 1) -> 5 | D39: 5 | E39: =_xlfn.Floor.Math((K6+K7+K8+K9+K10)/5, 0.5, 1) -> 3.5 | F39: 5 | G39: =_xlfn.Floor.Math((K7+K8+K9+K10+K11)/5, 0.5, 1) -> 2 | H39: 5 | I39: =_xlfn.Floor.Math((K8+K9+K10+K11+K12)/5, 0.5, 1) -> 1
B40: 6 | C40: =_xlfn.Floor.Math((K5+K6+K7+K8+K9+K10)/6, 0.5, 1) -> 4.5 | D40: 6 | E40: =_xlfn.Floor.Math((K6+K7+K8+K9+K10+K11)/6, 0.5, 1) -> 3 | F40: 6 | G40: =_xlfn.Floor.Math((K7+K8+K9+K10+K11+K12)/6, 0.5, 1) -> 1.5
B41: 7 | C41: =_xlfn.Floor.Math((K5+K6+K7+K8+K9+K10+K11)/7,0.5, 1) -> 4 | D41: 7 | E41: =_xlfn.Floor.Math((K6+K7+K8+K9+K10+K11+K12)/7,0.5, 1) -> 2.5
B42: 8 | C42: =_xlfn.Floor.Math((K5+K6+K7+K8+K9+K10+K11+K12)/8, 0.5, 1) -> 3.5
B44: Best Ball Net Points
B45: 1 | C45: =If(SUMPRODUCT(COUNTIF(BestBallLeaderboard,"T1"))>0, vlookup(SUMPRODUCT(COUNTIF(BestBallLeaderboard,"T1")), BestBallPointsFirst, 2, false), BestBallPointsFirstDefault) -> 8
B46: 2 | C46: =If(SUMPRODUCT(COUNTIF(BestBallLeaderboard,"T2"))>0, vlookup(SUMPRODUCT(COUNTIF(BestBallLeaderboard,"T2")), BestBallPointsSecond, 2, false), BestBallPointsSecondDefault) -> 6
B47: 3 | C47: =If(SUMPRODUCT(COUNTIF(BestBallLeaderboard,"T3"))>0, vlookup(SUMPRODUCT(COUNTIF(BestBallLeaderboard,"T3")), BestBallPointsThird, 2, false), BestBallPointsThirdDefault) -> 5
B48: 4 | C48: =If(SUMPRODUCT(COUNTIF(BestBallLeaderboard,"T4"))>0, vlookup(SUMPRODUCT(COUNTIF(BestBallLeaderboard,"T4")), BestBallPointsFourth, 2, false), BestBallPointsFourthDefault) -> 4
B49: 5 | C49: =If(SUMPRODUCT(COUNTIF(BestBallLeaderboard,"T5"))>0, vlookup(SUMPRODUCT(COUNTIF(BestBallLeaderboard,"T5")), BestBallPointsFifth, 2, false), BestBallPointsFifthDefault) -> 3
B50: 6 | C50: =If(SUMPRODUCT(COUNTIF(BestBallLeaderboard,"T6"))>0, vlookup(SUMPRODUCT(COUNTIF(BestBallLeaderboard,"T6")), BestBallPointsSixth, 2, false), BestBallPointsSixthDefault) -> 2
B51: 7 | C51: =If(SUMPRODUCT(COUNTIF(BestBallLeaderboard,"T7"))>0, vlookup(SUMPRODUCT(COUNTIF(BestBallLeaderboard,"T7")), BestBallPointsSeventh, 2, false), BestBallPointsSeventhDefault) -> 1
B52: 8 | C52: =If(SUMPRODUCT(COUNTIF(BestBallLeaderboard,"T8"))>0, vlookup(SUMPRODUCT(COUNTIF(BestBallLeaderboard,"T8")), BestBallPointsEighth, 2, false), BestBallPointsEighthDefault) -> 0
B53: 9 | C53: =If(SUMPRODUCT(COUNTIF(BestBallLeaderboard,"T1"))>0, vlookup(SUMPRODUCT(COUNTIF(BestBallLeaderboard,"T1")), BestBallPointsNineth, 2, false), BestBallPointsNinethDefault) -> 0
B54: 10 | C54: =If(SUMPRODUCT(COUNTIF(BestBallLeaderboard,"T2"))>0, vlookup(SUMPRODUCT(COUNTIF(BestBallLeaderboard,"T2")), BestBallPointsTenth, 2, false), BestBallPointsTenthDefault) -> -1
B55: 11 | C55: =If(SUMPRODUCT(COUNTIF(BestBallLeaderboard,"T3"))>0, vlookup(SUMPRODUCT(COUNTIF(BestBallLeaderboard,"T3")), BestBallPointsEleventh, 2, false), BestBallPointsEleventhDefault) -> -2
B56: 12 | C56: =If(SUMPRODUCT(COUNTIF(BestBallLeaderboard,"T4"))>0, vlookup(SUMPRODUCT(COUNTIF(BestBallLeaderboard,"T4")), BestBallPointsTwelvth, 2, false), BestBallPointsTwelvthDefault) -> -3
B58: First | D58: Second | F58: Third | H58: Fourth | J58: Fifth | L58: Sixth | N58: Seventh | P58: Eighth | R58: Nineth | T58: Tenth | V58: Eleventh | X58: Twelvth
B59: Number of teams | C59: Points | D59: Number of teams | E59: Points | F59: Number of teams | G59: Points | H59: Number of teams | I59: Points | J59: Number of teams | K59: Points | L59: Number of teams | M59: Points | N59: Number of teams | O59: Points | P59: Number of teams | Q59: Points | R59: Number of teams | S59: Points | T59: Number of teams | U59: Points | V59: Number of teams | W59: Points | X59: Number of teams | Y59: Points
B60: 1 | C60: =_xlfn.Floor.Math(G5, 0.5, 1) -> 8 | D60: 1 | E60: =_xlfn.Floor.Math(G6, 0.5, 1) -> 6 | F60: 1 | G60: =_xlfn.Floor.Math(G7, 0.5, 1) -> 5 | H60: 1 | I60: =_xlfn.Floor.Math(G8, 0.5, 1) -> 4 | J60: 1 | K60: =_xlfn.Floor.Math(G9, 0.5, 1) -> 3 | L60: 1 | M60: =_xlfn.Floor.Math(G10, 0.5, 1) -> 2 | N60: 1 | O60: =_xlfn.Floor.Math(G11, 0.5, 1) -> 1 | P60: 1 | Q60: =_xlfn.Floor.Math(G12, 0.5, 1) -> 0 | R60: 1 | S60: =_xlfn.Floor.Math(G13, 0.5, 1) -> 0 | T60: 1 | U60: =_xlfn.Floor.Math(G14, 0.5, 1) -> -1 | V60: 1 | W60: =_xlfn.Floor.Math(G15, 0.5, 1) -> -2 | X60: 1 | Y60: =_xlfn.Floor.Math(G16, 0.5, 1) -> -3
B61: 2 | C61: =_xlfn.Floor.Math((G5+G6)/2, 0.5, 1) -> 7 | D61: 2 | E61: =_xlfn.Floor.Math((G6+G7)/2, 0.5, 1) -> 5.5 | F61: 2 | G61: =_xlfn.Floor.Math((G7+G8)/2, 0.5, 1) -> 4.5 | H61: 2 | I61: =_xlfn.Floor.Math((G8+G9)/2, 0.5, 1) -> 3.5 | J61: 2 | K61: =_xlfn.Floor.Math((G9+G10)/2, 0.5, 1) -> 2.5 | L61: 2 | M61: =_xlfn.Floor.Math((G10+G11)/2, 0.5, 1) -> 1.5 | N61: 2 | O61: =_xlfn.Floor.Math((G11+G12)/2, 0.5, 1) -> 0.5 | P61: 2 | Q61: =_xlfn.Floor.Math((G12+G13)/2, 0.5, 1) -> 0 | R61: 2 | S61: =_xlfn.Floor.Math((G13+G14)/2, 0.5, 1) -> -0.5 | T61: 2 | U61: =_xlfn.Floor.Math((G14+G15)/2, 0.5, 1) -> -1.5 | V61: 2 | W61: =_xlfn.Floor.Math((G15+G16)/2, 0.5, 1) -> -2.5
B62: 3 | C62: =_xlfn.Floor.Math((G5+G6+G7)/3, 0.5, 1) -> 6 | D62: 3 | E62: =_xlfn.Floor.Math((G6+G7+G8)/3, 0.5, 1) -> 5 | F62: 3 | G62: =_xlfn.Floor.Math((G7+G8+G9)/3, 0.5, 1) -> 4 | H62: 3 | I62: =_xlfn.Floor.Math((G8+G9+G10)/3, 0.5, 1) -> 3 | J62: 3 | K62: =_xlfn.Floor.Math((G9+G10+G11)/3, 0.5, 1) -> 2 | L62: 3 | M62: =_xlfn.Floor.Math((G10+G11+G12)/3, 0.5, 1) -> 1 | N62: 3 | O62: =_xlfn.Floor.Math((G11+G12+G13)/3, 0.5, 1) -> 0 | P62: 3 | Q62: =_xlfn.Floor.Math((G12+G13+G14)/3, 0.5, 1) -> 0 | R62: 3 | S62: =_xlfn.Floor.Math((G13+G14+G15)/3, 0.5, 1) -> -1 | T62: 3 | U62: =_xlfn.Floor.Math((G14+G15+G16)/3, 0.5, 1) -> -2
B63: 4 | C63: =_xlfn.Floor.Math((G5+G6+G7+G8)/4, 0.5, 1) -> 5.5 | D63: 4 | E63: =_xlfn.Floor.Math((G6+G7+G8+G9)/4, 0.5, 1) -> 4.5 | F63: 4 | G63: =_xlfn.Floor.Math((G7+G8+G9+G10)/4, 0.5, 1) -> 3.5 | H63: 4 | I63: =_xlfn.Floor.Math((G8+G9+G10+G11)/4, 0.5, 1) -> 2.5 | J63: 4 | K63: =_xlfn.Floor.Math((G9+G10+G11+G12)/4, 0.5, 1) -> 1.5 | L63: 4 | M63: =_xlfn.Floor.Math((G10+G11+G12+G13)/4, 0.5, 1) -> 0.5 | N63: 4 | O63: =_xlfn.Floor.Math((G11+G12+G13+G14)/4, 0.5, 1) -> 0 | P63: 4 | Q63: =_xlfn.Floor.Math((G12+G13+G14+G15)/4, 0.5, 1) -> -0.5 | R63: 4 | S63: =_xlfn.Floor.Math((G13+G14+G15+G16)/4, 0.5, 1) -> -1.5
B64: 5 | C64: =_xlfn.Floor.Math((G5+G6+G7+G8+G9)/5, 0.5, 1) -> 5 | D64: 5 | E64: =_xlfn.Floor.Math((G6+G7+G8+G9+G10)/5, 0.5, 1) -> 4 | F64: 5 | G64: =_xlfn.Floor.Math((G7+G8+G9+G10+G11)/5, 0.5, 1) -> 3 | H64: 5 | I64: =_xlfn.Floor.Math((G8+G9+G10+G11+I11)/5, 0.5, 1) -> 2 | J64: 5 | K64: =_xlfn.Floor.Math((G9+G10+G11+G12+G13)/5, 0.5, 1) -> 1 | L64: 5 | M64: =_xlfn.Floor.Math((G10+G11+G12+G13+G14)/5, 0.5, 1) -> 0 | N64: 5 | O64: =_xlfn.Floor.Math((G11+G12+G13+G14+G15)/5, 0.5, 1) -> 0 | P64: 5 | Q64: =_xlfn.Floor.Math((G12+G13+G14+G15+G16)/5, 0.5, 1) -> -1
B65: 6 | C65: =_xlfn.Floor.Math((G5+G6+G7+G8+G9+G10)/6, 0.5, 1) -> 4.5 | D65: 6 | E65: =_xlfn.Floor.Math((G6+G7+G8+G9+G10+G11)/6, 0.5, 1) -> 3.5 | F65: 6 | G65: =_xlfn.Floor.Math((G7+G8+G9+G10+G11+G12)/6, 0.5, 1) -> 2.5 | H65: 6 | I65: =_xlfn.Floor.Math((G8+G9+G10+G11+I11+G13)/6, 0.5, 1) -> 1.5 | J65: 6 | K65: =_xlfn.Floor.Math((G9+G10+G11+G12+G13+G14)/6, 0.5, 1) -> 0.5 | L65: 6 | M65: =_xlfn.Floor.Math((G10+G11+G12+G13+G14+G15)/6, 0.5, 1) -> 0 | N65: 6 | O65: =_xlfn.Floor.Math((G11+G12+G13+G14+G15+G16)/6, 0.5, 1) -> -0.5
B66: 7 | C66: =_xlfn.Floor.Math((G5+G6+G7+G8+G9+G10+G11)/7,0.5, 1) -> 4 | D66: 7 | E66: =_xlfn.Floor.Math((G6+G7+G8+G9+G10+G11+G12)/7,0.5, 1) -> 3 | F66: 7 | G66: =_xlfn.Floor.Math((G7+G8+G9+G10+G11+G12+G13)/7,0.5, 1) -> 2 | H66: 7 | I66: =_xlfn.Floor.Math((G8+G9+G10+G11+I11+G13+G14)/7,0.5, 1) -> 1 | J66: 7 | K66: =_xlfn.Floor.Math((G9+G10+G11+G12+G13+G14+G15)/7,0.5, 1) -> 0 | L66: 7 | M66: =_xlfn.Floor.Math((G10+G11+G12+G13+G14+G15+G16)/7,0.5, 1) -> 0
B67: 8 | C67: =_xlfn.Floor.Math((G5+G6+G7+G8+G9+G10+G11+G12)/8, 0.5, 1) -> 3.5 | D67: 8 | E67: =_xlfn.Floor.Math((G6+G7+G8+G9+G10+G11+G12+G13)/8, 0.5, 1) -> 2.5 | F67: 8 | G67: =_xlfn.Floor.Math((G7+G8+G9+G10+G11+G12+G13+G14)/8, 0.5, 1) -> 1.5 | H67: 8 | I67: =_xlfn.Floor.Math((G8+G9+G10+G11+I11+G13+G14+G15)/8, 0.5, 1) -> 0.5 | J67: 8 | K67: =_xlfn.Floor.Math((G9+G10+G11+G12+G13+G14+G15+G16)/8, 0.5, 1) -> 0
B68: 9 | C68: =_xlfn.Floor.Math((G5+G6+G7+G8+G9+G10+G11+G12+G13)/9, 0.5, 1) -> 3 | D68: 9 | E68: =_xlfn.Floor.Math((G6+G7+G8+G9+G10+G11+G12+G13+G14)/9, 0.5, 1) -> 2 | F68: 9 | G68: =_xlfn.Floor.Math((G7+G8+G9+G10+G11+G12+G13+G14+G15)/9, 0.5, 1) -> 1 | H68: 9 | I68: =_xlfn.Floor.Math((G8+G9+G10+G11+I11+G13+G14+G15+G16)/9, 0.5, 1) -> 0
B69: 10 | C69: =_xlfn.Floor.Math((G5+G6+G7+G8+G9+G10+G11+G12+G13+G14)/10, 0.5, 1) -> 2.5 | D69: 10 | E69: =_xlfn.Floor.Math((G6+G7+G8+G9+G10+G11+G12+G13+G14+G15)/10, 0.5, 1) -> 1.5 | F69: 10 | G69: =_xlfn.Floor.Math((G7+G8+G9+G10+G11+G12+G13+G14+G15+G16)/10, 0.5, 1) -> 0.5
B70: 11 | C70: =_xlfn.Floor.Math((G5+G6+G7+G8+G9+G10+G11+G12+G13+G14+G15)/11, 0.5, 1) -> 2 | D70: 11 | E70: =_xlfn.Floor.Math((G6+G7+G8+G9+G10+G11+G12+G13+G14+G15+G16)/11, 0.5, 1) -> 1
B71: 12 | C71: =_xlfn.Floor.Math((G5+G6+G7+G8+G9+G10+G11+G12+G13+G14+G15+G16)/12, 0.5, 1) -> 1.5

Sheet Match Play Scrolf 1
A1: =IFERROR(__xludf.DUMMYFUNCTION("importhtml(""https://www.scrolf.com/mobile/LeaderboardMatchPlay.aspx?EventID=50715"", ""table"", 4)"),"Card") -> Card | B1: =IFERROR(__xludf.DUMMYFUNCTION("""COMPUTED_VALUE"""),"A") -> A | C1: =IFERROR(__xludf.DUMMYFUNCTION("""COMPUTED_VALUE"""),"B") -> B | D1: =IFERROR(__xludf.DUMMYFUNCTION("""COMPUTED_VALUE"""),"Thru") -> Thru | E1: =IFERROR(__xludf.DUMMYFUNCTION("""COMPUTED_VALUE"""),"Score") -> Score
A2: =IFERROR(__xludf.DUMMYFUNCTION("""COMPUTED_VALUE"""),"card") -> card | B2: =IFERROR(__xludf.DUMMYFUNCTION("""COMPUTED_VALUE"""),"Adam (W)") -> Adam (W) | C2: =IFERROR(__xludf.DUMMYFUNCTION("""COMPUTED_VALUE"""),"Joe (B)") -> Joe (B) | D2: =IFERROR(__xludf.DUMMYFUNCTION("""COMPUTED_VALUE"""),0.0) -> 0
A3: =IFERROR(__xludf.DUMMYFUNCTION("""COMPUTED_VALUE"""),"card") -> card | B3: =IFERROR(__xludf.DUMMYFUNCTION("""COMPUTED_VALUE"""),"Andrew (A)") -> Andrew (A) | C3: =IFERROR(__xludf.DUMMYFUNCTION("""COMPUTED_VALUE"""),"Mikey (B)") -> Mikey (B) | D3: =IFERROR(__xludf.DUMMYFUNCTION("""COMPUTED_VALUE"""),0.0) -> 0
A4: =IFERROR(__xludf.DUMMYFUNCTION("""COMPUTED_VALUE"""),"card") -> card | B4: =IFERROR(__xludf.DUMMYFUNCTION("""COMPUTED_VALUE"""),"Beeler (R)") -> Beeler (R) | C4: =IFERROR(__xludf.DUMMYFUNCTION("""COMPUTED_VALUE"""),"Neil (A)") -> Neil (A) | D4: =IFERROR(__xludf.DUMMYFUNCTION("""COMPUTED_VALUE"""),0.0) -> 0
A5: =IFERROR(__xludf.DUMMYFUNCTION("""COMPUTED_VALUE"""),"card") -> card | B5: =IFERROR(__xludf.DUMMYFUNCTION("""COMPUTED_VALUE"""),"Chad (W)") -> Chad (W) | C5: =IFERROR(__xludf.DUMMYFUNCTION("""COMPUTED_VALUE"""),"Paul (A)") -> Paul (A) | D5: =IFERROR(__xludf.DUMMYFUNCTION("""COMPUTED_VALUE"""),0.0) -> 0
A6: =IFERROR(__xludf.DUMMYFUNCTION("""COMPUTED_VALUE"""),"card") -> card | B6: =IFERROR(__xludf.DUMMYFUNCTION("""COMPUTED_VALUE"""),"Dave (W)") -> Dave (W) | C6: =IFERROR(__xludf.DUMMYFUNCTION("""COMPUTED_VALUE"""),"Matt (B)") -> Matt (B) | D6: =IFERROR(__xludf.DUMMYFUNCTION("""COMPUTED_VALUE"""),0.0) -> 0
A7: =IFERROR(__xludf.DUMMYFUNCTION("""COMPUTED_VALUE"""),"card") -> card | B7: =IFERROR(__xludf.DUMMYFUNCTION("""COMPUTED_VALUE"""),"Dutch (W)") -> Dutch (W) | C7: =IFERROR(__xludf.DUMMYFUNCTION("""COMPUTED_VALUE"""),"Ryan (R)") -> Ryan (R) | D7: =IFERROR(__xludf.DUMMYFUNCTION("""COMPUTED_VALUE"""),0.0) -> 0
A8: =IFERROR(__xludf.DUMMYFUNCTION("""COMPUTED_VALUE"""),"card") -> card | B8: =IFERROR(__xludf.DUMMYFUNCTION("""COMPUTED_VALUE"""),"Kelly (B)") -> Kelly (B) | C8: =IFERROR(__xludf.DUMMYFUNCTION("""COMPUTED_VALUE"""),"Riley (R)") -> Riley (R) | D8: =IFERROR(__xludf.DUMMYFUNCTION("""COMPUTED_VALUE"""),0.0) -> 0
A9: =IFERROR(__xludf.DUMMYFUNCTION("""COMPUTED_VALUE"""),"card") -> card | B9: =IFERROR(__xludf.DUMMYFUNCTION("""COMPUTED_VALUE"""),"Marcus (W)") -> Marcus (W) | C9: =IFERROR(__xludf.DUMMYFUNCTION("""COMPUTED_VALUE"""),"Powell (R)") -> Powell (R) | D9: =IFERROR(__xludf.DUMMYFUNCTION("""COMPUTED_VALUE"""),0.0) -> 0
A10: =IFERROR(__xludf.DUMMYFUNCTION("""COMPUTED_VALUE"""),"card") -> card | B10: =IFERROR(__xludf.DUMMYFUNCTION("""COMPUTED_VALUE"""),"Rob (W)") -> Rob (W) | C10: =IFERROR(__xludf.DUMMYFUNCTION("""COMPUTED_VALUE"""),"Mitch (A)") -> Mitch (A) | D10: =IFERROR(__xludf.DUMMYFUNCTION("""COMPUTED_VALUE"""),0.0) -> 0
A11: =IFERROR(__xludf.DUMMYFUNCTION("""COMPUTED_VALUE"""),"card") -> card | B11: =IFERROR(__xludf.DUMMYFUNCTION("""COMPUTED_VALUE"""),"Rocky (A)") -> Rocky (A) | C11: =IFERROR(__xludf.DUMMYFUNCTION("""COMPUTED_VALUE"""),"Miller (B)") -> Miller (B) | D11: =IFERROR(__xludf.DUMMYFUNCTION("""COMPUTED_VALUE"""),0.0) -> 0
A12: =IFERROR(__xludf.DUMMYFUNCTION("""COMPUTED_VALUE"""),"card") -> card | B12: =IFERROR(__xludf.DUMMYFUNCTION("""COMPUTED_VALUE"""),"Tyler (R)") -> Tyler (R) | C12: =IFERROR(__xludf.DUMMYFUNCTION("""COMPUTED_VALUE"""),"Andy (A)") -> Andy (A) | D12: =IFERROR(__xludf.DUMMYFUNCTION("""COMPUTED_VALUE"""),0.0) -> 0
A13: =IFERROR(__xludf.DUMMYFUNCTION("""COMPUTED_VALUE"""),"card") -> card | B13: =IFERROR(__xludf.DUMMYFUNCTION("""COMPUTED_VALUE"""),"Will (B)") -> Will (B) | C13: =IFERROR(__xludf.DUMMYFUNCTION("""COMPUTED_VALUE"""),"Troy (R)") -> Troy (R) | D13: =IFERROR(__xludf.DUMMYFUNCTION("""COMPUTED_VALUE"""),0.0) -> 0

Sheet Match Play Scolf 2
A1: =IFERROR(__xludf.DUMMYFUNCTION("importhtml(""https://www.scrolf.com/mobile/LeaderboardMatchPlay.aspx?EventID=50716&AdID=1&leaderboard=39&showlb="", ""table"", 4)"),"Card") -> Card | B1: =IFERROR(__xludf.DUMMYFUNCTION("""COMPUTED_VALUE"""),"A") -> A | C1: =IFERROR(__xludf.DUMMYFUNCTION("""COMPUTED_VALUE"""),"B") -> B | D1: =IFERROR(__xludf.DUMMYFUNCTION("""COMPUTED_VALUE"""),"Thru") -> Thru | E1: =IFERROR(__xludf.DUMMYFUNCTION("""COMPUTED_VALUE"""),"Score") -> Score
A2: =IFERROR(__xludf.DUMMYFUNCTION("""COMPUTED_VALUE"""),"card") -> card | B2: =IFERROR(__xludf.DUMMYFUNCTION("""COMPUTED_VALUE"""),"Adam (W)") -> Adam (W) | C2: =IFERROR(__xludf.DUMMYFUNCTION("""COMPUTED_VALUE"""),"Andy (A)") -> Andy (A) | D2: =IFERROR(__xludf.DUMMYFUNCTION("""COMPUTED_VALUE"""),0.0) -> 0
A3: =IFERROR(__xludf.DUMMYFUNCTION("""COMPUTED_VALUE"""),"card") -> card | B3: =IFERROR(__xludf.DUMMYFUNCTION("""COMPUTED_VALUE"""),"Chad (W)") -> Chad (W) | C3: =IFERROR(__xludf.DUMMYFUNCTION("""COMPUTED_VALUE"""),"Riley (R)") -> Riley (R) | D3: =IFERROR(__xludf.DUMMYFUNCTION("""COMPUTED_VALUE"""),0.0) -> 0
A4: =IFERROR(__xludf.DUMMYFUNCTION("""COMPUTED_VALUE"""),"card") -> card | B4: =IFERROR(__xludf.DUMMYFUNCTION("""COMPUTED_VALUE"""),"Dave (W)") -> Dave (W) | C4: =IFERROR(__xludf.DUMMYFUNCTION("""COMPUTED_VALUE"""),"Neil (A)") -> Neil (A) | D4: =IFERROR(__xludf.DUMMYFUNCTION("""COMPUTED_VALUE"""),0.0) -> 0
A5: =IFERROR(__xludf.DUMMYFUNCTION("""COMPUTED_VALUE"""),"card") -> card | B5: =IFERROR(__xludf.DUMMYFUNCTION("""COMPUTED_VALUE"""),"Dutch (W)") -> Dutch (W) | C5: =IFERROR(__xludf.DUMMYFUNCTION("""COMPUTED_VALUE"""),"Miller (B)") -> Miller (B) | D5: =IFERROR(__xludf.DUMMYFUNCTION("""COMPUTED_VALUE"""),0.0) -> 0
A6: =IFERROR(__xludf.DUMMYFUNCTION("""COMPUTED_VALUE"""),"card") -> card | B6: =IFERROR(__xludf.DUMMYFUNCTION("""COMPUTED_VALUE"""),"Joe (B)") -> Joe (B) | C6: =IFERROR(__xludf.DUMMYFUNCTION("""COMPUTED_VALUE"""),"Tyler (R)") -> Tyler (R) | D6: =IFERROR(__xludf.DUMMYFUNCTION("""COMPUTED_VALUE"""),0.0) -> 0
A7: =IFERROR(__xludf.DUMMYFUNCTION("""COMPUTED_VALUE"""),"card") -> card | B7: =IFERROR(__xludf.DUMMYFUNCTION("""COMPUTED_VALUE"""),"Marcus (W)") -> Marcus (W) | C7: =IFERROR(__xludf.DUMMYFUNCTION("""COMPUTED_VALUE"""),"Mikey (B)") -> Mikey (B) | D7: =IFERROR(__xludf.DUMMYFUNCTION("""COMPUTED_VALUE"""),0.0) -> 0
A8: =IFERROR(__xludf.DUMMYFUNCTION("""COMPUTED_VALUE"""),"card") -> card | B8: =IFERROR(__xludf.DUMMYFUNCTION("""COMPUTED_VALUE"""),"Matt (B)") -> Matt (B) | C8: =IFERROR(__xludf.DUMMYFUNCTION("""COMPUTED_VALUE"""),"Beeler (R)") -> Beeler (R) | D8: =IFERROR(__xludf.DUMMYFUNCTION("""COMPUTED_VALUE"""),0.0) -> 0
A9: =IFERROR(__xludf.DUMMYFUNCTION("""COMPUTED_VALUE"""),"card") -> card | B9: =IFERROR(__xludf.DUMMYFUNCTION("""COMPUTED_VALUE"""),"Mitch (A)") -> Mitch (A) | C9: =IFERROR(__xludf.DUMMYFUNCTION("""COMPUTED_VALUE"""),"Will (B)") -> Will (B) | D9: =IFERROR(__xludf.DUMMYFUNCTION("""COMPUTED_VALUE"""),0.0) -> 0
A10: =IFERROR(__xludf.DUMMYFUNCTION("""COMPUTED_VALUE"""),"card") -> card | B10: =IFERROR(__xludf.DUMMYFUNCTION("""COMPUTED_VALUE"""),"Paul (A)") -> Paul (A) | C10: =IFERROR(__xludf.DUMMYFUNCTION("""COMPUTED_VALUE"""),"Kelly (B)") -> Kelly (B) | D10: =IFERROR(__xludf.DUMMYFUNCTION("""COMPUTED_VALUE"""),0.0) -> 0
A11: =IFERROR(__xludf.DUMMYFUNCTION("""COMPUTED_VALUE"""),"card") -> card | B11: =IFERROR(__xludf.DUMMYFUNCTION("""COMPUTED_VALUE"""),"Powell (R)") -> Powell (R) | C11: =IFERROR(__xludf.DUMMYFUNCTION("""COMPUTED_VALUE"""),"Andrew (A)") -> Andrew (A) | D11: =IFERROR(__xludf.DUMMYFUNCTION("""COMPUTED_VALUE"""),0.0) -> 0
A12: =IFERROR(__xludf.DUMMYFUNCTION("""COMPUTED_VALUE"""),"card") -> card | B12: =IFERROR(__xludf.DUMMYFUNCTION("""COMPUTED_VALUE"""),"Rob (W)") -> Rob (W) | C12: =IFERROR(__xludf.DUMMYFUNCTION("""COMPUTED_VALUE"""),"Troy (R)") -> Troy (R) | D12: =IFERROR(__xludf.DUMMYFUNCTION("""COMPUTED_VALUE"""),0.0) -> 0
A13: =IFERROR(__xludf.DUMMYFUNCTION("""COMPUTED_VALUE"""),"card") -> card | B13: =IFERROR(__xludf.DUMMYFUNCTION("""COMPUTED_VALUE"""),"Ryan (R)") -> Ryan (R) | C13: =IFERROR(__xludf.DUMMYFUNCTION("""COMPUTED_VALUE"""),"Rocky (A)") -> Rocky (A) | D13: =IFERROR(__xludf.DUMMYFUNCTION("""COMPUTED_VALUE"""),0.0) -> 0

Sheet Match Play Scrolf 3
A1: =IFERROR(__xludf.DUMMYFUNCTION("importhtml(""https://www.scrolf.com/mobile/LeaderboardMatchPlay.aspx?EventID=50717"", ""table"", 4)"),"Card") -> Card | B1: =IFERROR(__xludf.DUMMYFUNCTION("""COMPUTED_VALUE"""),"A") -> A | C1: =IFERROR(__xludf.DUMMYFUNCTION("""COMPUTED_VALUE"""),"B") -> B | D1: =IFERROR(__xludf.DUMMYFUNCTION("""COMPUTED_VALUE"""),"Thru") -> Thru | E1: =IFERROR(__xludf.DUMMYFUNCTION("""COMPUTED_VALUE"""),"Score") -> Score
A2: =IFERROR(__xludf.DUMMYFUNCTION("""COMPUTED_VALUE"""),"card") -> card | B2: =IFERROR(__xludf.DUMMYFUNCTION("""COMPUTED_VALUE"""),"Adam (W)") -> Adam (W) | C2: =IFERROR(__xludf.DUMMYFUNCTION("""COMPUTED_VALUE"""),"Tyler (R)") -> Tyler (R) | D2: =IFERROR(__xludf.DUMMYFUNCTION("""COMPUTED_VALUE"""),0.0) -> 0
A3: =IFERROR(__xludf.DUMMYFUNCTION("""COMPUTED_VALUE"""),"card") -> card | B3: =IFERROR(__xludf.DUMMYFUNCTION("""COMPUTED_VALUE"""),"Andy (A)") -> Andy (A) | C3: =IFERROR(__xludf.DUMMYFUNCTION("""COMPUTED_VALUE"""),"Joe (B)") -> Joe (B) | D3: =IFERROR(__xludf.DUMMYFUNCTION("""COMPUTED_VALUE"""),0.0) -> 0
A4: =IFERROR(__xludf.DUMMYFUNCTION("""COMPUTED_VALUE"""),"card") -> card | B4: =IFERROR(__xludf.DUMMYFUNCTION("""COMPUTED_VALUE"""),"Chad (W)") -> Chad (W) | C4: =IFERROR(__xludf.DUMMYFUNCTION("""COMPUTED_VALUE"""),"Kelly (B)") -> Kelly (B) | D4: =IFERROR(__xludf.DUMMYFUNCTION("""COMPUTED_VALUE"""),0.0) -> 0
A5: =IFERROR(__xludf.DUMMYFUNCTION("""COMPUTED_VALUE"""),"card") -> card | B5: =IFERROR(__xludf.DUMMYFUNCTION("""COMPUTED_VALUE"""),"Dave (W)") -> Dave (W) | C5: =IFERROR(__xludf.DUMMYFUNCTION("""COMPUTED_VALUE"""),"Beeler (R)") -> Beeler (R) | D5: =IFERROR(__xludf.DUMMYFUNCTION("""COMPUTED_VALUE"""),0.0) -> 0
A6: =IFERROR(__xludf.DUMMYFUNCTION("""COMPUTED_VALUE"""),"card") -> card | B6: =IFERROR(__xludf.DUMMYFUNCTION("""COMPUTED_VALUE"""),"Dutch (W)") -> Dutch (W) | C6: =IFERROR(__xludf.DUMMYFUNCTION("""COMPUTED_VALUE"""),"Rocky (A)") -> Rocky (A) | D6: =IFERROR(__xludf.DUMMYFUNCTION("""COMPUTED_VALUE"""),0.0) -> 0
A7: =IFERROR(__xludf.DUMMYFUNCTION("""COMPUTED_VALUE"""),"card") -> card | B7: =IFERROR(__xludf.DUMMYFUNCTION("""COMPUTED_VALUE"""),"Marcus (W)") -> Marcus (W) | C7: =IFERROR(__xludf.DUMMYFUNCTION("""COMPUTED_VALUE"""),"Andrew (A)") -> Andrew (A) | D7: =IFERROR(__xludf.DUMMYFUNCTION("""COMPUTED_VALUE"""),0.0) -> 0
A8: =IFERROR(__xludf.DUMMYFUNCTION("""COMPUTED_VALUE"""),"card") -> card | B8: =IFERROR(__xludf.DUMMYFUNCTION("""COMPUTED_VALUE"""),"Mikey (B)") -> Mikey (B) | C8: =IFERROR(__xludf.DUMMYFUNCTION("""COMPUTED_VALUE"""),"Powell (R)") -> Powell (R) | D8: =IFERROR(__xludf.DUMMYFUNCTION("""COMPUTED_VALUE"""),0.0) -> 0
A9: =IFERROR(__xludf.DUMMYFUNCTION("""COMPUTED_VALUE"""),"card") -> card | B9: =IFERROR(__xludf.DUMMYFUNCTION("""COMPUTED_VALUE"""),"Miller (B)") -> Miller (B) | C9: =IFERROR(__xludf.DUMMYFUNCTION("""COMPUTED_VALUE"""),"Ryan (R)") -> Ryan (R) | D9: =IFERROR(__xludf.DUMMYFUNCTION("""COMPUTED_VALUE"""),0.0) -> 0
A10: =IFERROR(__xludf.DUMMYFUNCTION("""COMPUTED_VALUE"""),"card") -> card | B10: =IFERROR(__xludf.DUMMYFUNCTION("""COMPUTED_VALUE"""),"Neil (A)") -> Neil (A) | C10: =IFERROR(__xludf.DUMMYFUNCTION("""COMPUTED_VALUE"""),"Matt (B)") -> Matt (B) | D10: =IFERROR(__xludf.DUMMYFUNCTION("""COMPUTED_VALUE"""),0.0) -> 0
A11: =IFERROR(__xludf.DUMMYFUNCTION("""COMPUTED_VALUE"""),"card") -> card | B11: =IFERROR(__xludf.DUMMYFUNCTION("""COMPUTED_VALUE"""),"Riley (R)") -> Riley (R) | C11: =IFERROR(__xludf.DUMMYFUNCTION("""COMPUTED_VALUE"""),"Paul (A)") -> Paul (A) | D11: =IFERROR(__xludf.DUMMYFUNCTION("""COMPUTED_VALUE"""),0.0) -> 0
A12: =IFERROR(__xludf.DUMMYFUNCTION("""COMPUTED_VALUE"""),"card") -> card | B12: =IFERROR(__xludf.DUMMYFUNCTION("""COMPUTED_VALUE"""),"Rob (W)") -> Rob (W) | C12: =IFERROR(__xludf.DUMMYFUNCTION("""COMPUTED_VALUE"""),"Will (B)") -> Will (B) | D12: =IFERROR(__xludf.DUMMYFUNCTION("""COMPUTED_VALUE"""),0.0) -> 0
A13: =IFERROR(__xludf.DUMMYFUNCTION("""COMPUTED_VALUE"""),"card") -> card | B13: =IFERROR(__xludf.DUMMYFUNCTION("""COMPUTED_VALUE"""),"Troy (R)") -> Troy (R) | C13: =IFERROR(__xludf.DUMMYFUNCTION("""COMPUTED_VALUE"""),"Mitch (A)") -> Mitch (A) | D13: =IFERROR(__xludf.DUMMYFUNCTION("""COMPUTED_VALUE"""),0.0) -> 0

Sheet Gambling
B2: Costs | C2: Entry Fee | D2: Total | F2: Friday Match Play
B3: 24 guys playing all rounds | C3: 61 | D3: =LEFT(B3,2)*C3 -> 1464 | F3: 2 | G3: ctp | H3: =$D$16*F3 -> 30 | J3: Dutch | K3: Kelly | L3: Dutch
F4: 2 | G4: ld | H4: =$D$16*F4 -> 30 | J4: Will | K4: Riley | L4: Rob
B5: Scrolf Fee | C5: 5
B6: Proshop Tips | C6: 4 | D6: =C6*24 -> 96 | F6: Saturday - Best Ball
B7: Fees per person | C7: =SUM(C3:C6) -> 70 | F7: 2 | G7: ctp | H7: =$D$16*F7 -> 30
F8: 2 | G8: ld | H8: =$D$16*F8 -> 30
F10: Saturday - Scramble
B11: Payouts | G11: scramble win | H11: 300
B12: $150 per person for Ryder Cup | D12: =150*6 -> 900 | F12: 2 | G12: ctp | H12: =$D$16*F12 -> 30
F13: 2 | G13: ld | H13: =$D$16*F13 -> 30
B14: Remainnig for Scramble, CTD, LD | D14: =D3-D12 -> 564
F15: Sunday - Scramble
B16: LD/CTP Payout | D16: 15 | F16: 2 | G16: ctp | H16: =$D$16*F16 -> 30
B17: Ryder Cup Payout (per person) | D17: =D12/6 -> 150 | F17: 2 | G17: ld | H17: =$D$16*F17 -> 30
B18: Scramble pay out (per person) | D18: =H11/4 -> 75
G19: Total | H19: =SUM(H2:H17) -> 540
G21: Check | H21: =D3-H19-D12 -> 24 | I21: Plug to Tips
