Workbook
Name Round1: Leaderboard!$E:$E
Name Round2: Leaderboard!$F:$F
Name Tier2: 'Player Tiers'!$B$2:$B$34
Name Round4: Leaderboard!$H:$H
Name PositionLeaderboard: Leaderboard!$B:$B
Name Tier3: 'Player Tiers'!$C$2:$C$56
Name Round3: Leaderboard!$G:$G
Name LowRound2: Leaderboard!$N$2
Name Tier1: 'Player Tiers'!$A$2:$A$31
Name Points: Scoring!$B$1:$B$7
Name LowRound1: Leaderboard!$M$2
Name LowRound3: Leaderboard!$O$2
Name Tier4: 'Player Tiers'!$D$2:$D$67
Name LowRound4: Leaderboard!$P$2
Name PlayerLeaderboard: Leaderboard!$C:$C
Name PointNames: Scoring!$A$1:$A$7

Sheet Testing
A1: =year(today()) & month(today()) & day(today()) & hour(today()) & minute(today()) -> 20264400
A2: http://www.espn.com/golf/leaderboard?
A3: =IFERROR(__xludf.DUMMYFUNCTION("ImportHtml(A2,""table"",3)"),"#N/A") -> #N/A

Sheet Live Leaderboard
A1: Live Scoreboard
A2: {=Sort('Team Scoreboard'!E2:F36,2,false)} -> Rocky | B2: 58 | C2: 1st
A3: Member's Bounce | B3: 45 | C3: 2nd
A4: Johnson Wagner | B4: 44 | C4: 3rd
A5: Putt Blugs | B5: 38
A6: Shankapotamus ⛳️ | B6: 35
A7: Bizzle Bone 🦴 | B7: 34
A8: Shooter's Turn | B8: 33
A9: Wish Louis was Playing | B9: 30
A10: Hosel Rocket | B10: 30
A11: And33znutz | B11: 28
A12: ParTee Animals | B12: 28
A13: Baseball Hacks Only | B13: 28
A14: Rob Won | B14: 26
A15: The Putt Pirates | B15: 22 | C15: `
A16: It's all in the hips | B16: 21
A17: Magnolia Lane | B17: 17
A18: Better Than Most | B18: 14
A19: Back to back to back | B19: 14
A20: Nova | B20: 14
A21: Scottie Style | B21: 12
A22: 9 O'clock on the 9th Green | B22: 9
A23: Good Good Good | B23: 9
A24: Kyle Beeler | B24: 9
A25: Maher | B25: 7
A26: Vandegriff | B26: 7
A27: Kroll's Holes | B27: 7
... A31: Only Boss That Has Won this Before | B31: -3

Sheet Team Scoreboard
A1: ='Pickem Board'!B3 -> Shankapotamus ⛳️ | B1: Position | C1: Points | D1: Low Round Points | E1: SCOREBOARD
A2: ='Pickem Board'!B4 -> Rory McIlroy | B2: {=If(Substitute(Index(PositionLeaderboard, Match(A2,PlayerLeaderboard, 0)), "T", "") = "-", "-", Value(Substitute(Index(PositionLeaderboard, Match(A2,PlayerLeaderboard, 0)), "T", "")))} -> 1 | C2: {=INDEX(Points, Match(If(AND(B2>3,B2<11),"Top 10", If(AND(B2>10,NOT(B2=""), B2<26),"Top 25", If(B2="-","Missed Cut", If(B2>25,"Made Cut",B2)))),PointNames, 0))} -> 25 | D2: {=2*(SUM(If(Index(Round1, Match(A2,PlayerLeaderboard, 0))=LowRound1, 1, 0), If(Index(Round2, Match(A2,PlayerLeaderboard, 0))=LowRound2, 1, 0), If(Index(Round3, Match(A2,PlayerLeaderboard, 0))=LowRound3, 1, 0), If(Index(Round4, Match(A2,PlayerLeaderboard, 0))=LowRound4, 1, 0)))} -> 4 | E2: =A1 -> Shankapotamus ⛳️ | F2: =C6 -> 35
A3: ='Pickem Board'!B5 -> Jordan Spieth | B3: {=If(Substitute(Index(PositionLeaderboard, Match(A3,PlayerLeaderboard, 0)), "T", "") = "-", "-", Value(Substitute(Index(PositionLeaderboard, Match(A3,PlayerLeaderboard, 0)), "T", "")))} -> 14 | C3: {=INDEX(Points, Match(If(AND(B3>3,B3<11),"Top 10", If(AND(B3>10,NOT(B3=""), B3<26),"Top 25", If(B3="-","Missed Cut", If(B3>25,"Made Cut",B3)))),PointNames, 0))} -> 5 | D3: {=2*(SUM(If(Index(Round1, Match(A3,PlayerLeaderboard, 0))=LowRound1, 1, 0), If(Index(Round2, Match(A3,PlayerLeaderboard, 0))=LowRound2, 1, 0), If(Index(Round3, Match(A3,PlayerLeaderboard, 0))=LowRound3, 1, 0), If(Index(Round4, Match(A3,PlayerLeaderboard, 0))=LowRound4, 1, 0)))} -> 0 | E3: =A8 -> 9 O'clock on the 9th Green | F3: =C13 -> 9
A4: ='Pickem Board'!B6 -> Sahith Theegala | B4: {=If(Substitute(Index(PositionLeaderboard, Match(A4,PlayerLeaderboard, 0)), "T", "") = "-", "-", Value(Substitute(Index(PositionLeaderboard, Match(A4,PlayerLeaderboard, 0)), "T", "")))} -> 29 | C4: {=INDEX(Points, Match(If(AND(B4>3,B4<11),"Top 10", If(AND(B4>10,NOT(B4=""), B4<26),"Top 25", If(B4="-","Missed Cut", If(B4>25,"Made Cut",B4)))),PointNames, 0))} -> 3 | D4: {=2*(SUM(If(Index(Round1, Match(A4,PlayerLeaderboard, 0))=LowRound1, 1, 0), If(Index(Round2, Match(A4,PlayerLeaderboard, 0))=LowRound2, 1, 0), If(Index(Round3, Match(A4,PlayerLeaderboard, 0))=LowRound3, 1, 0), If(Index(Round4, Match(A4,PlayerLeaderboard, 0))=LowRound4, 1, 0)))} -> 0 | E4: =A15 -> Better Than Most | F4: =C20 -> 14
A5: ='Pickem Board'!B7 -> Cam Davis | B5: {=If(Substitute(Index(PositionLeaderboard, Match(A5,PlayerLeaderboard, 0)), "T", "") = "-", "-", Value(Substitute(Index(PositionLeaderboard, Match(A5,PlayerLeaderboard, 0)), "T", "")))} -> - | C5: {=INDEX(Points, Match(If(AND(B5>3,B5<11),"Top 10", If(AND(B5>10,NOT(B5=""), B5<26),"Top 25", If(B5="-","Missed Cut", If(B5>25,"Made Cut",B5)))),PointNames, 0))} -> -2 | D5: {=2*(SUM(If(Index(Round1, Match(A5,PlayerLeaderboard, 0))=LowRound1, 1, 0), If(Index(Round2, Match(A5,PlayerLeaderboard, 0))=LowRound2, 1, 0), If(Index(Round3, Match(A5,PlayerLeaderboard, 0))=LowRound3, 1, 0), If(Index(Round4, Match(A5,PlayerLeaderboard, 0))=LowRound4, 1, 0)))} -> 0 | E5: =A22 -> Maher | F5: =C27 -> 7
A6: Total Points | C6: =SUM(C2:C5)+SUM(D2:D5) -> 35 | E6: =A29 -> Wish Louis was Playing | F6: =C34 -> 30
E7: =A36 -> Putts n' Stuff | F7: =C41 -> 4
A8: ='Pickem Board'!C3 -> 9 O'clock on the 9th Green | B8: Position | C8: Points | D8: Low Round Points | E8: =A43 -> Scottie Style | F8: =C48 -> 12
A9: ='Pickem Board'!C4 -> Scottie Scheffler | B9: {=If(Substitute(Index(PositionLeaderboard, Match(A9,PlayerLeaderboard, 0)), "T", "") = "-", "-", Value(Substitute(Index(PositionLeaderboard, Match(A9,PlayerLeaderboard, 0)), "T", "")))} -> 4 | C9: {=INDEX(Points, Match(If(AND(B9>3,B9<11),"Top 10", If(AND(B9>10,NOT(B9=""), B9<26),"Top 25", If(B9="-","Missed Cut", If(B9>25,"Made Cut",B9)))),PointNames, 0))} -> 8 | D9: {=2*(SUM(If(Index(Round1, Match(A9,PlayerLeaderboard, 0))=LowRound1, 1, 0), If(Index(Round2, Match(A9,PlayerLeaderboard, 0))=LowRound2, 1, 0), If(Index(Round3, Match(A9,PlayerLeaderboard, 0))=LowRound3, 1, 0), If(Index(Round4, Match(A9,PlayerLeaderboard, 0))=LowRound4, 1, 0)))} -> 0 | E9: =A50 -> Back to back to back | F9: =C55 -> 14
A10: ='Pickem Board'!C5 -> Tommy Fleetwood | B10: {=If(Substitute(Index(PositionLeaderboard, Match(A10,PlayerLeaderboard, 0)), "T", "") = "-", "-", Value(Substitute(Index(PositionLeaderboard, Match(A10,PlayerLeaderboard, 0)), "T", "")))} -> 21 | C10: {=INDEX(Points, Match(If(AND(B10>3,B10<11),"Top 10", If(AND(B10>10,NOT(B10=""), B10<26),"Top 25", If(B10="-","Missed Cut", If(B10>25,"Made Cut",B10)))),PointNames, 0))} -> 5 | D10: {=2*(SUM(If(Index(Round1, Match(A10,PlayerLeaderboard, 0))=LowRound1, 1, 0), If(Index(Round2, Match(A10,PlayerLeaderboard, 0))=LowRound2, 1, 0), If(Index(Round3, Match(A10,PlayerLeaderboard, 0))=LowRound3, 1, 0), If(Index(Round4, Match(A10,PlayerLeaderboard, 0))=LowRound4, 1, 0)))} -> 0 | E10: =A57 -> And33znutz | F10: =C62 -> 28
A11: ='Pickem Board'!C6 -> Sepp Straka | B11: {=If(Substitute(Index(PositionLeaderboard, Match(A11,PlayerLeaderboard, 0)), "T", "") = "-", "-", Value(Substitute(Index(PositionLeaderboard, Match(A11,PlayerLeaderboard, 0)), "T", "")))} -> - | C11: {=INDEX(Points, Match(If(AND(B11>3,B11<11),"Top 10", If(AND(B11>10,NOT(B11=""), B11<26),"Top 25", If(B11="-","Missed Cut", If(B11>25,"Made Cut",B11)))),PointNames, 0))} -> -2 | D11: {=2*(SUM(If(Index(Round1, Match(A11,PlayerLeaderboard, 0))=LowRound1, 1, 0), If(Index(Round2, Match(A11,PlayerLeaderboard, 0))=LowRound2, 1, 0), If(Index(Round3, Match(A11,PlayerLeaderboard, 0))=LowRound3, 1, 0), If(Index(Round4, Match(A11,PlayerLeaderboard, 0))=LowRound4, 1, 0)))} -> 0 | E11: =A64 -> Magnolia Lane | F11: =C69 -> 17
A12: ='Pickem Board'!C7 -> Thomas Detry | B12: {=If(Substitute(Index(PositionLeaderboard, Match(A12,PlayerLeaderboard, 0)), "T", "") = "-", "-", Value(Substitute(Index(PositionLeaderboard, Match(A12,PlayerLeaderboard, 0)), "T", "")))} -> - | C12: {=INDEX(Points, Match(If(AND(B12>3,B12<11),"Top 10", If(AND(B12>10,NOT(B12=""), B12<26),"Top 25", If(B12="-","Missed Cut", If(B12>25,"Made Cut",B12)))),PointNames, 0))} -> -2 | D12: {=2*(SUM(If(Index(Round1, Match(A12,PlayerLeaderboard, 0))=LowRound1, 1, 0), If(Index(Round2, Match(A12,PlayerLeaderboard, 0))=LowRound2, 1, 0), If(Index(Round3, Match(A12,PlayerLeaderboard, 0))=LowRound3, 1, 0), If(Index(Round4, Match(A12,PlayerLeaderboard, 0))=LowRound4, 1, 0)))} -> 0 | E12: =A71 -> Shooter's Turn | F12: =C76 -> 33
A13: Total Points | C13: =SUM(C9:C12)+SUM(D9:D12) -> 9 | E13: =A78 -> It's all in the hips | F13: =C83 -> 21
E14: =A85 -> Member's Bounce | F14: =C90 -> 45
A15: ='Pickem Board'!D3 -> Better Than Most | B15: Position | C15: Points | D15: Low Round Points | E15: =A92 -> Nova | F15: =C97 -> 14
A16: ='Pickem Board'!D4 -> Scottie Scheffler | B16: {=If(Substitute(Index(PositionLeaderboard, Match(A16,PlayerLeaderboard, 0)), "T", "") = "-", "-", Value(Substitute(Index(PositionLeaderboard, Match(A16,PlayerLeaderboard, 0)), "T", "")))} -> 4 | C16: {=INDEX(Points, Match(If(AND(B16>3,B16<11),"Top 10", If(AND(B16>10,NOT(B16=""), B16<26),"Top 25", If(B16="-","Missed Cut", If(B16>25,"Made Cut",B16)))),PointNames, 0))} -> 8 | D16: {=2*(SUM(If(Index(Round1, Match(A16,PlayerLeaderboard, 0))=LowRound1, 1, 0), If(Index(Round2, Match(A16,PlayerLeaderboard, 0))=LowRound2, 1, 0), If(Index(Round3, Match(A16,PlayerLeaderboard, 0))=LowRound3, 1, 0), If(Index(Round4, Match(A16,PlayerLeaderboard, 0))=LowRound4, 1, 0)))} -> 0 | E16: =A99 -> Vandegriff | F16: =C104 -> 7
A17: ='Pickem Board'!D5 -> Viktor Hovland | B17: {=If(Substitute(Index(PositionLeaderboard, Match(A17,PlayerLeaderboard, 0)), "T", "") = "-", "-", Value(Substitute(Index(PositionLeaderboard, Match(A17,PlayerLeaderboard, 0)), "T", "")))} -> 21 | C17: {=INDEX(Points, Match(If(AND(B17>3,B17<11),"Top 10", If(AND(B17>10,NOT(B17=""), B17<26),"Top 25", If(B17="-","Missed Cut", If(B17>25,"Made Cut",B17)))),PointNames, 0))} -> 5 | D17: {=2*(SUM(If(Index(Round1, Match(A17,PlayerLeaderboard, 0))=LowRound1, 1, 0), If(Index(Round2, Match(A17,PlayerLeaderboard, 0))=LowRound2, 1, 0), If(Index(Round3, Match(A17,PlayerLeaderboard, 0))=LowRound3, 1, 0), If(Index(Round4, Match(A17,PlayerLeaderboard, 0))=LowRound4, 1, 0)))} -> 0 | E17: =A106 -> Good Good Good | F17: =C111 -> 9
A18: ='Pickem Board'!D6 -> Sam Burns | B18: {=If(Substitute(Index(PositionLeaderboard, Match(A18,PlayerLeaderboard, 0)), "T", "") = "-", "-", Value(Substitute(Index(PositionLeaderboard, Match(A18,PlayerLeaderboard, 0)), "T", "")))} -> 46 | C18: {=INDEX(Points, Match(If(AND(B18>3,B18<11),"Top 10", If(AND(B18>10,NOT(B18=""), B18<26),"Top 25", If(B18="-","Missed Cut", If(B18>25,"Made Cut",B18)))),PointNames, 0))} -> 3 | D18: {=2*(SUM(If(Index(Round1, Match(A18,PlayerLeaderboard, 0))=LowRound1, 1, 0), If(Index(Round2, Match(A18,PlayerLeaderboard, 0))=LowRound2, 1, 0), If(Index(Round3, Match(A18,PlayerLeaderboard, 0))=LowRound3, 1, 0), If(Index(Round4, Match(A18,PlayerLeaderboard, 0))=LowRound4, 1, 0)))} -> 0 | E18: =A113 -> Kyle Beeler | F18: =C118 -> 9
A19: ='Pickem Board'!D7 -> Cameron Young | B19: {=If(Substitute(Index(PositionLeaderboard, Match(A19,PlayerLeaderboard, 0)), "T", "") = "-", "-", Value(Substitute(Index(PositionLeaderboard, Match(A19,PlayerLeaderboard, 0)), "T", "")))} -> - | C19: {=INDEX(Points, Match(If(AND(B19>3,B19<11),"Top 10", If(AND(B19>10,NOT(B19=""), B19<26),"Top 25", If(B19="-","Missed Cut", If(B19>25,"Made Cut",B19)))),PointNames, 0))} -> -2 | D19: {=2*(SUM(If(Index(Round1, Match(A19,PlayerLeaderboard, 0))=LowRound1, 1, 0), If(Index(Round2, Match(A19,PlayerLeaderboard, 0))=LowRound2, 1, 0), If(Index(Round3, Match(A19,PlayerLeaderboard, 0))=LowRound3, 1, 0), If(Index(Round4, Match(A19,PlayerLeaderboard, 0))=LowRound4, 1, 0)))} -> 0 | E19: =A120 -> Faldo & Barker | F19: =C125 -> 4
A20: Total Points | C20: =SUM(C16:C19)+SUM(D16:D19) -> 14 | E20: =A127 -> Kroll's Holes | F20: =C132 -> 7
E21: =A134 -> The Putt Pirates | F21: =C139 -> 22
A22: ='Pickem Board'!E3 -> Maher | B22: Position | C22: Points | D22: Low Round Points | E22: =A141 -> Bizzle Bone 🦴 | F22: =C146 -> 34
A23: ='Pickem Board'!E4 -> Scottie Scheffler | B23: {=If(Substitute(Index(PositionLeaderboard, Match(A23,PlayerLeaderboard, 0)), "T", "") = "-", "-", Value(Substitute(Index(PositionLeaderboard, Match(A23,PlayerLeaderboard, 0)), "T", "")))} -> 4 | C23: {=INDEX(Points, Match(If(AND(B23>3,B23<11),"Top 10", If(AND(B23>10,NOT(B23=""), B23<26),"Top 25", If(B23="-","Missed Cut", If(B23>25,"Made Cut",B23)))),PointNames, 0))} -> 8 | D23: {=2*(SUM(If(Index(Round1, Match(A23,PlayerLeaderboard, 0))=LowRound1, 1, 0), If(Index(Round2, Match(A23,PlayerLeaderboard, 0))=LowRound2, 1, 0), If(Index(Round3, Match(A23,PlayerLeaderboard, 0))=LowRound3, 1, 0), If(Index(Round4, Match(A23,PlayerLeaderboard, 0))=LowRound4, 1, 0)))} -> 0 | E23: =A148 -> Rob Won | F23: =C153 -> 26
A24: ='Pickem Board'!E5 -> Brooks Koepka | B24: {=If(Substitute(Index(PositionLeaderboard, Match(A24,PlayerLeaderboard, 0)), "T", "") = "-", "-", Value(Substitute(Index(PositionLeaderboard, Match(A24,PlayerLeaderboard, 0)), "T", "")))} -> - | C24: {=INDEX(Points, Match(If(AND(B24>3,B24<11),"Top 10", If(AND(B24>10,NOT(B24=""), B24<26),"Top 25", If(B24="-","Missed Cut", If(B24>25,"Made Cut",B24)))),PointNames, 0))} -> -2 | D24: {=2*(SUM(If(Index(Round1, Match(A24,PlayerLeaderboard, 0))=LowRound1, 1, 0), If(Index(Round2, Match(A24,PlayerLeaderboard, 0))=LowRound2, 1, 0), If(Index(Round3, Match(A24,PlayerLeaderboard, 0))=LowRound3, 1, 0), If(Index(Round4, Match(A24,PlayerLeaderboard, 0))=LowRound4, 1, 0)))} -> 0 | E24: =A155 -> Rob Won Two | F24: =C160 -> 7
A25: ='Pickem Board'!E6 -> Sergio Garcia | B25: {=If(Substitute(Index(PositionLeaderboard, Match(A25,PlayerLeaderboard, 0)), "T", "") = "-", "-", Value(Substitute(Index(PositionLeaderboard, Match(A25,PlayerLeaderboard, 0)), "T", "")))} -> - | C25: {=INDEX(Points, Match(If(AND(B25>3,B25<11),"Top 10", If(AND(B25>10,NOT(B25=""), B25<26),"Top 25", If(B25="-","Missed Cut", If(B25>25,"Made Cut",B25)))),PointNames, 0))} -> -2 | D25: {=2*(SUM(If(Index(Round1, Match(A25,PlayerLeaderboard, 0))=LowRound1, 1, 0), If(Index(Round2, Match(A25,PlayerLeaderboard, 0))=LowRound2, 1, 0), If(Index(Round3, Match(A25,PlayerLeaderboard, 0))=LowRound3, 1, 0), If(Index(Round4, Match(A25,PlayerLeaderboard, 0))=LowRound4, 1, 0)))} -> 0 | E25: =A162 -> Only Boss That Has Won this Before | F25: =C167 -> -3
A26: ='Pickem Board'!E7 -> Danny Willett | B26: {=If(Substitute(Index(PositionLeaderboard, Match(A26,PlayerLeaderboard, 0)), "T", "") = "-", "-", Value(Substitute(Index(PositionLeaderboard, Match(A26,PlayerLeaderboard, 0)), "T", "")))} -> 42 | C26: {=INDEX(Points, Match(If(AND(B26>3,B26<11),"Top 10", If(AND(B26>10,NOT(B26=""), B26<26),"Top 25", If(B26="-","Missed Cut", If(B26>25,"Made Cut",B26)))),PointNames, 0))} -> 3 | D26: {=2*(SUM(If(Index(Round1, Match(A26,PlayerLeaderboard, 0))=LowRound1, 1, 0), If(Index(Round2, Match(A26,PlayerLeaderboard, 0))=LowRound2, 1, 0), If(Index(Round3, Match(A26,PlayerLeaderboard, 0))=LowRound3, 1, 0), If(Index(Round4, Match(A26,PlayerLeaderboard, 0))=LowRound4, 1, 0)))} -> 0 | E26: =A169 -> Johnson Wagner | F26: =C174 -> 44
A27: Total Points | C27: =SUM(C23:C26)+SUM(D23:D26) -> 7 | E27: =A176 -> ParTee Animals | F27: =C181 -> 28
E28: =A183 -> Hosel Rocket | F28: =C188 -> 30
A29: ='Pickem Board'!F3 -> Wish Louis was Playing | B29: Position | C29: Points | D29: Low Round Points | E29: =A190 -> Putt Blugs | F29: =C195 -> 38
A30: ='Pickem Board'!F4 -> Collin Morikawa | B30: {=If(Substitute(Index(PositionLeaderboard, Match(A30,PlayerLeaderboard, 0)), "T", "") = "-", "-", Value(Substitute(Index(PositionLeaderboard, Match(A30,PlayerLeaderboard, 0)), "T", "")))} -> 14 | C30: {=INDEX(Points, Match(If(AND(B30>3,B30<11),"Top 10", If(AND(B30>10,NOT(B30=""), B30<26),"Top 25", If(B30="-","Missed Cut", If(B30>25,"Made Cut",B30)))),PointNames, 0))} -> 5 | D30: {=2*(SUM(If(Index(Round1, Match(A30,PlayerLeaderboard, 0))=LowRound1, 1, 0), If(Index(Round2, Match(A30,PlayerLeaderboard, 0))=LowRound2, 1, 0), If(Index(Round3, Match(A30,PlayerLeaderboard, 0))=LowRound3, 1, 0), If(Index(Round4, Match(A30,PlayerLeaderboard, 0))=LowRound4, 1, 0)))} -> 0 | E30: =A197 -> Baseball Hacks Only | F30: =C202 -> 28
A31: ='Pickem Board'!F5 -> Shane Lowry | B31: {=If(Substitute(Index(PositionLeaderboard, Match(A31,PlayerLeaderboard, 0)), "T", "") = "-", "-", Value(Substitute(Index(PositionLeaderboard, Match(A31,PlayerLeaderboard, 0)), "T", "")))} -> 42 | C31: {=INDEX(Points, Match(If(AND(B31>3,B31<11),"Top 10", If(AND(B31>10,NOT(B31=""), B31<26),"Top 25", If(B31="-","Missed Cut", If(B31>25,"Made Cut",B31)))),PointNames, 0))} -> 3 | D31: {=2*(SUM(If(Index(Round1, Match(A31,PlayerLeaderboard, 0))=LowRound1, 1, 0), If(Index(Round2, Match(A31,PlayerLeaderboard, 0))=LowRound2, 1, 0), If(Index(Round3, Match(A31,PlayerLeaderboard, 0))=LowRound3, 1, 0), If(Index(Round4, Match(A31,PlayerLeaderboard, 0))=LowRound4, 1, 0)))} -> 0 | E31: =A204 -> Rocky | F31: =C209 -> 58
A32: ='Pickem Board'!F6 -> Justin Rose | B32: {=If(Substitute(Index(PositionLeaderboard, Match(A32,PlayerLeaderboard, 0)), "T", "") = "-", "-", Value(Substitute(Index(PositionLeaderboard, Match(A32,PlayerLeaderboard, 0)), "T", "")))} -> 2 | C32: {=INDEX(Points, Match(If(AND(B32>3,B32<11),"Top 10", If(AND(B32>10,NOT(B32=""), B32<26),"Top 25", If(B32="-","Missed Cut", If(B32>25,"Made Cut",B32)))),PointNames, 0))} -> 15 | D32: {=2*(SUM(If(Index(Round1, Match(A32,PlayerLeaderboard, 0))=LowRound1, 1, 0), If(Index(Round2, Match(A32,PlayerLeaderboard, 0))=LowRound2, 1, 0), If(Index(Round3, Match(A32,PlayerLeaderboard, 0))=LowRound3, 1, 0), If(Index(Round4, Match(A32,PlayerLeaderboard, 0))=LowRound4, 1, 0)))} -> 4
A33: ='Pickem Board'!F7 -> Michael Kim | B33: {=If(Substitute(Index(PositionLeaderboard, Match(A33,PlayerLeaderboard, 0)), "T", "") = "-", "-", Value(Substitute(Index(PositionLeaderboard, Match(A33,PlayerLeaderboard, 0)), "T", "")))} -> 27 | C33: {=INDEX(Points, Match(If(AND(B33>3,B33<11),"Top 10", If(AND(B33>10,NOT(B33=""), B33<26),"Top 25", If(B33="-","Missed Cut", If(B33>25,"Made Cut",B33)))),PointNames, 0))} -> 3 | D33: {=2*(SUM(If(Index(Round1, Match(A33,PlayerLeaderboard, 0))=LowRound1, 1, 0), If(Index(Round2, Match(A33,PlayerLeaderboard, 0))=LowRound2, 1, 0), If(Index(Round3, Match(A33,PlayerLeaderboard, 0))=LowRound3, 1, 0), If(Index(Round4, Match(A33,PlayerLeaderboard, 0))=LowRound4, 1, 0)))} -> 0
A34: Total Points | C34: =SUM(C30:C33)+SUM(D30:D33) -> 30
A36: ='Pickem Board'!G3 -> Putts n' Stuff | B36: Position | C36: Points | D36: Low Round Points
A37: ='Pickem Board'!G4 -> Collin Morikawa | B37: {=If(Substitute(Index(PositionLeaderboard, Match(A37,PlayerLeaderboard, 0)), "T", "") = "-", "-", Value(Substitute(Index(PositionLeaderboard, Match(A37,PlayerLeaderboard, 0)), "T", "")))} -> 14 | C37: {=INDEX(Points, Match(If(AND(B37>3,B37<11),"Top 10", If(AND(B37>10,NOT(B37=""), B37<26),"Top 25", If(B37="-","Missed Cut", If(B37>25,"Made Cut",B37)))),PointNames, 0))} -> 5 | D37: {=2*(SUM(If(Index(Round1, Match(A37,PlayerLeaderboard, 0))=LowRound1, 1, 0), If(Index(Round2, Match(A37,PlayerLeaderboard, 0))=LowRound2, 1, 0), If(Index(Round3, Match(A37,PlayerLeaderboard, 0))=LowRound3, 1, 0), If(Index(Round4, Match(A37,PlayerLeaderboard, 0))=LowRound4, 1, 0)))} -> 0
A38: ='Pickem Board'!G5 -> Patrick Cantlay | B38: {=If(Substitute(Index(PositionLeaderboard, Match(A38,PlayerLeaderboard, 0)), "T", "") = "-", "-", Value(Substitute(Index(PositionLeaderboard, Match(A38,PlayerLeaderboard, 0)), "T", "")))} -> 36 | C38: {=INDEX(Points, Match(If(AND(B38>3,B38<11),"Top 10", If(AND(B38>10,NOT(B38=""), B38<26),"Top 25", If(B38="-","Missed Cut", If(B38>25,"Made Cut",B38)))),PointNames, 0))} -> 3 | D38: {=2*(SUM(If(Index(Round1, Match(A38,PlayerLeaderboard, 0))=LowRound1, 1, 0), If(Index(Round2, Match(A38,PlayerLeaderboard, 0))=LowRound2, 1, 0), If(Index(Round3, Match(A38,PlayerLeaderboard, 0))=LowRound3, 1, 0), If(Index(Round4, Match(A38,PlayerLeaderboard, 0))=LowRound4, 1, 0)))} -> 0
A39: ='Pickem Board'!G6 -> Dustin Johnson | B39: {=If(Substitute(Index(PositionLeaderboard, Match(A39,PlayerLeaderboard, 0)), "T", "") = "-", "-", Value(Substitute(Index(PositionLeaderboard, Match(A39,PlayerLeaderboard, 0)), "T", "")))} -> - | C39: {=INDEX(Points, Match(If(AND(B39>3,B39<11),"Top 10", If(AND(B39>10,NOT(B39=""), B39<26),"Top 25", If(B39="-","Missed Cut", If(B39>25,"Made Cut",B39)))),PointNames, 0))} -> -2 | D39: {=2*(SUM(If(Index(Round1, Match(A39,PlayerLeaderboard, 0))=LowRound1, 1, 0), If(Index(Round2, Match(A39,PlayerLeaderboard, 0))=LowRound2, 1, 0), If(Index(Round3, Match(A39,PlayerLeaderboard, 0))=LowRound3, 1, 0), If(Index(Round4, Match(A39,PlayerLeaderboard, 0))=LowRound4, 1, 0)))} -> 0
A40: ='Pickem Board'!G7 -> Cameron Young | B40: {=If(Substitute(Index(PositionLeaderboard, Match(A40,PlayerLeaderboard, 0)), "T", "") = "-", "-", Value(Substitute(Index(PositionLeaderboard, Match(A40,PlayerLeaderboard, 0)), "T", "")))} -> - | C40: {=INDEX(Points, Match(If(AND(B40>3,B40<11),"Top 10", If(AND(B40>10,NOT(B40=""), B40<26),"Top 25", If(B40="-","Missed Cut", If(B40>25,"Made Cut",B40)))),PointNames, 0))} -> -2 | D40: {=2*(SUM(If(Index(Round1, Match(A40,PlayerLeaderboard, 0))=LowRound1, 1, 0), If(Index(Round2, Match(A40,PlayerLeaderboard, 0))=LowRound2, 1, 0), If(Index(Round3, Match(A40,PlayerLeaderboard, 0))=LowRound3, 1, 0), If(Index(Round4, Match(A40,PlayerLeaderboard, 0))=LowRound4, 1, 0)))} -> 0
A41: Total Points | C41: =SUM(C37:C40)+SUM(D37:D40) -> 4
A43: ='Pickem Board'!H3 -> Scottie Style | B43: Position | C43: Points | D43: Low Round Points
A44: ='Pickem Board'!H4 -> Scottie Scheffler | B44: {=If(Substitute(Index(PositionLeaderboard, Match(A44,PlayerLeaderboard, 0)), "T", "") = "-", "-", Value(Substitute(Index(PositionLeaderboard, Match(A44,PlayerLeaderboard, 0)), "T", "")))} -> 4 | C44: {=INDEX(Points, Match(If(AND(B44>3,B44<11),"Top 10", If(AND(B44>10,NOT(B44=""), B44<26),"Top 25", If(B44="-","Missed Cut", If(B44>25,"Made Cut",B44)))),PointNames, 0))} -> 8 | D44: {=2*(SUM(If(Index(Round1, Match(A44,PlayerLeaderboard, 0))=LowRound1, 1, 0), If(Index(Round2, Match(A44,PlayerLeaderboard, 0))=LowRound2, 1, 0), If(Index(Round3, Match(A44,PlayerLeaderboard, 0))=LowRound3, 1, 0), If(Index(Round4, Match(A44,PlayerLeaderboard, 0))=LowRound4, 1, 0)))} -> 0
A45: ='Pickem Board'!H5 -> Shane Lowry | B45: {=If(Substitute(Index(PositionLeaderboard, Match(A45,PlayerLeaderboard, 0)), "T", "") = "-", "-", Value(Substitute(Index(PositionLeaderboard, Match(A45,PlayerLeaderboard, 0)), "T", "")))} -> 42 | C45: {=INDEX(Points, Match(If(AND(B45>3,B45<11),"Top 10", If(AND(B45>10,NOT(B45=""), B45<26),"Top 25", If(B45="-","Missed Cut", If(B45>25,"Made Cut",B45)))),PointNames, 0))} -> 3 | D45: {=2*(SUM(If(Index(Round1, Match(A45,PlayerLeaderboard, 0))=LowRound1, 1, 0), If(Index(Round2, Match(A45,PlayerLeaderboard, 0))=LowRound2, 1, 0), If(Index(Round3, Match(A45,PlayerLeaderboard, 0))=LowRound3, 1, 0), If(Index(Round4, Match(A45,PlayerLeaderboard, 0))=LowRound4, 1, 0)))} -> 0
A46: ='Pickem Board'!H6 -> Sergio Garcia | B46: {=If(Substitute(Index(PositionLeaderboard, Match(A46,PlayerLeaderboard, 0)), "T", "") = "-", "-", Value(Substitute(Index(PositionLeaderboard, Match(A46,PlayerLeaderboard, 0)), "T", "")))} -> - | C46: {=INDEX(Points, Match(If(AND(B46>3,B46<11),"Top 10", If(AND(B46>10,NOT(B46=""), B46<26),"Top 25", If(B46="-","Missed Cut", If(B46>25,"Made Cut",B46)))),PointNames, 0))} -> -2 | D46: {=2*(SUM(If(Index(Round1, Match(A46,PlayerLeaderboard, 0))=LowRound1, 1, 0), If(Index(Round2, Match(A46,PlayerLeaderboard, 0))=LowRound2, 1, 0), If(Index(Round3, Match(A46,PlayerLeaderboard, 0))=LowRound3, 1, 0), If(Index(Round4, Match(A46,PlayerLeaderboard, 0))=LowRound4, 1, 0)))} -> 0
A47: ='Pickem Board'!H7 -> Denny McCarthy | B47: {=If(Substitute(Index(PositionLeaderboard, Match(A47,PlayerLeaderboard, 0)), "T", "") = "-", "-", Value(Substitute(Index(PositionLeaderboard, Match(A47,PlayerLeaderboard, 0)), "T", "")))} -> 29 | C47: {=INDEX(Points, Match(If(AND(B47>3,B47<11),"Top 10", If(AND(B47>10,NOT(B47=""), B47<26),"Top 25", If(B47="-","Missed Cut", If(B47>25,"Made Cut",B47)))),PointNames, 0))} -> 3 | D47: {=2*(SUM(If(Index(Round1, Match(A47,PlayerLeaderboard, 0))=LowRound1, 1, 0), If(Index(Round2, Match(A47,PlayerLeaderboard, 0))=LowRound2, 1, 0), If(Index(Round3, Match(A47,PlayerLeaderboard, 0))=LowRound3, 1, 0), If(Index(Round4, Match(A47,PlayerLeaderboard, 0))=LowRound4, 1, 0)))} -> 0
A48: Total Points | C48: =SUM(C44:C47)+SUM(D44:D47) -> 12
A50: ='Pickem Board'!I3 -> Back to back to back | B50: Position | C50: Points | D50: Low Round Points
A51: ='Pickem Board'!I4 -> Scottie Scheffler | B51: {=If(Substitute(Index(PositionLeaderboard, Match(A51,PlayerLeaderboard, 0)), "T", "") = "-", "-", Value(Substitute(Index(PositionLeaderboard, Match(A51,PlayerLeaderboard, 0)), "T", "")))} -> 4 | C51: {=INDEX(Points, Match(If(AND(B51>3,B51<11),"Top 10", If(AND(B51>10,NOT(B51=""), B51<26),"Top 25", If(B51="-","Missed Cut", If(B51>25,"Made Cut",B51)))),PointNames, 0))} -> 8 | D51: {=2*(SUM(If(Index(Round1, Match(A51,PlayerLeaderboard, 0))=LowRound1, 1, 0), If(Index(Round2, Match(A51,PlayerLeaderboard, 0))=LowRound2, 1, 0), If(Index(Round3, Match(A51,PlayerLeaderboard, 0))=LowRound3, 1, 0), If(Index(Round4, Match(A51,PlayerLeaderboard, 0))=LowRound4, 1, 0)))} -> 0
A52: ='Pickem Board'!I5 -> Jordan Spieth | B52: {=If(Substitute(Index(PositionLeaderboard, Match(A52,PlayerLeaderboard, 0)), "T", "") = "-", "-", Value(Substitute(Index(PositionLeaderboard, Match(A52,PlayerLeaderboard, 0)), "T", "")))} -> 14 | C52: {=INDEX(Points, Match(If(AND(B52>3,B52<11),"Top 10", If(AND(B52>10,NOT(B52=""), B52<26),"Top 25", If(B52="-","Missed Cut", If(B52>25,"Made Cut",B52)))),PointNames, 0))} -> 5 | D52: {=2*(SUM(If(Index(Round1, Match(A52,PlayerLeaderboard, 0))=LowRound1, 1, 0), If(Index(Round2, Match(A52,PlayerLeaderboard, 0))=LowRound2, 1, 0), If(Index(Round3, Match(A52,PlayerLeaderboard, 0))=LowRound3, 1, 0), If(Index(Round4, Match(A52,PlayerLeaderboard, 0))=LowRound4, 1, 0)))} -> 0
A53: ='Pickem Board'!I6 -> Maverick McNealy | B53: {=If(Substitute(Index(PositionLeaderboard, Match(A53,PlayerLeaderboard, 0)), "T", "") = "-", "-", Value(Substitute(Index(PositionLeaderboard, Match(A53,PlayerLeaderboard, 0)), "T", "")))} -> 32 | C53: {=INDEX(Points, Match(If(AND(B53>3,B53<11),"Top 10", If(AND(B53>10,NOT(B53=""), B53<26),"Top 25", If(B53="-","Missed Cut", If(B53>25,"Made Cut",B53)))),PointNames, 0))} -> 3 | D53: {=2*(SUM(If(Index(Round1, Match(A53,PlayerLeaderboard, 0))=LowRound1, 1, 0), If(Index(Round2, Match(A53,PlayerLeaderboard, 0))=LowRound2, 1, 0), If(Index(Round3, Match(A53,PlayerLeaderboard, 0))=LowRound3, 1, 0), If(Index(Round4, Match(A53,PlayerLeaderboard, 0))=LowRound4, 1, 0)))} -> 0
A54: ='Pickem Board'!I7 -> Cameron Young | B54: {=If(Substitute(Index(PositionLeaderboard, Match(A54,PlayerLeaderboard, 0)), "T", "") = "-", "-", Value(Substitute(Index(PositionLeaderboard, Match(A54,PlayerLeaderboard, 0)), "T", "")))} -> - | C54: {=INDEX(Points, Match(If(AND(B54>3,B54<11),"Top 10", If(AND(B54>10,NOT(B54=""), B54<26),"Top 25", If(B54="-","Missed Cut", If(B54>25,"Made Cut",B54)))),PointNames, 0))} -> -2 | D54: {=2*(SUM(If(Index(Round1, Match(A54,PlayerLeaderboard, 0))=LowRound1, 1, 0), If(Index(Round2, Match(A54,PlayerLeaderboard, 0))=LowRound2, 1, 0), If(Index(Round3, Match(A54,PlayerLeaderboard, 0))=LowRound3, 1, 0), If(Index(Round4, Match(A54,PlayerLeaderboard, 0))=LowRound4, 1, 0)))} -> 0
A55: Total Points | C55: =SUM(C51:C54)+SUM(D51:D54) -> 14
A57: ='Pickem Board'!J3 -> And33znutz | B57: Position | C57: Points | D57: Low Round Points
A58: ='Pickem Board'!J4 -> Rory McIlroy | B58: {=If(Substitute(Index(PositionLeaderboard, Match(A58,PlayerLeaderboard, 0)), "T", "") = "-", "-", Value(Substitute(Index(PositionLeaderboard, Match(A58,PlayerLeaderboard, 0)), "T", "")))} -> 1 | C58: {=INDEX(Points, Match(If(AND(B58>3,B58<11),"Top 10", If(AND(B58>10,NOT(B58=""), B58<26),"Top 25", If(B58="-","Missed Cut", If(B58>25,"Made Cut",B58)))),PointNames, 0))} -> 25 | D58: {=2*(SUM(If(Index(Round1, Match(A58,PlayerLeaderboard, 0))=LowRound1, 1, 0), If(Index(Round2, Match(A58,PlayerLeaderboard, 0))=LowRound2, 1, 0), If(Index(Round3, Match(A58,PlayerLeaderboard, 0))=LowRound3, 1, 0), If(Index(Round4, Match(A58,PlayerLeaderboard, 0))=LowRound4, 1, 0)))} -> 4
A59: ='Pickem Board'!J5 -> Russell Henley | B59: {=If(Substitute(Index(PositionLeaderboard, Match(A59,PlayerLeaderboard, 0)), "T", "") = "-", "-", Value(Substitute(Index(PositionLeaderboard, Match(A59,PlayerLeaderboard, 0)), "T", "")))} -> - | C59: {=INDEX(Points, Match(If(AND(B59>3,B59<11),"Top 10", If(AND(B59>10,NOT(B59=""), B59<26),"Top 25", If(B59="-","Missed Cut", If(B59>25,"Made Cut",B59)))),PointNames, 0))} -> -2 | D59: {=2*(SUM(If(Index(Round1, Match(A59,PlayerLeaderboard, 0))=LowRound1, 1, 0), If(Index(Round2, Match(A59,PlayerLeaderboard, 0))=LowRound2, 1, 0), If(Index(Round3, Match(A59,PlayerLeaderboard, 0))=LowRound3, 1, 0), If(Index(Round4, Match(A59,PlayerLeaderboard, 0))=LowRound4, 1, 0)))} -> 0
A60: ='Pickem Board'!J6 -> Tony Finau | B60: {=If(Substitute(Index(PositionLeaderboard, Match(A60,PlayerLeaderboard, 0)), "T", "") = "-", "-", Value(Substitute(Index(PositionLeaderboard, Match(A60,PlayerLeaderboard, 0)), "T", "")))} -> - | C60: {=INDEX(Points, Match(If(AND(B60>3,B60<11),"Top 10", If(AND(B60>10,NOT(B60=""), B60<26),"Top 25", If(B60="-","Missed Cut", If(B60>25,"Made Cut",B60)))),PointNames, 0))} -> -2 | D60: {=2*(SUM(If(Index(Round1, Match(A60,PlayerLeaderboard, 0))=LowRound1, 1, 0), If(Index(Round2, Match(A60,PlayerLeaderboard, 0))=LowRound2, 1, 0), If(Index(Round3, Match(A60,PlayerLeaderboard, 0))=LowRound3, 1, 0), If(Index(Round4, Match(A60,PlayerLeaderboard, 0))=LowRound4, 1, 0)))} -> 0
A61: ='Pickem Board'!J7 -> J.T. Poston | B61: {=If(Substitute(Index(PositionLeaderboard, Match(A61,PlayerLeaderboard, 0)), "T", "") = "-", "-", Value(Substitute(Index(PositionLeaderboard, Match(A61,PlayerLeaderboard, 0)), "T", "")))} -> 42 | C61: {=INDEX(Points, Match(If(AND(B61>3,B61<11),"Top 10", If(AND(B61>10,NOT(B61=""), B61<26),"Top 25", If(B61="-","Missed Cut", If(B61>25,"Made Cut",B61)))),PointNames, 0))} -> 3 | D61: {=2*(SUM(If(Index(Round1, Match(A61,PlayerLeaderboard, 0))=LowRound1, 1, 0), If(Index(Round2, Match(A61,PlayerLeaderboard, 0))=LowRound2, 1, 0), If(Index(Round3, Match(A61,PlayerLeaderboard, 0))=LowRound3, 1, 0), If(Index(Round4, Match(A61,PlayerLeaderboard, 0))=LowRound4, 1, 0)))} -> 0
A62: Total Points | C62: =SUM(C58:C61)+SUM(D58:D61) -> 28
A64: ='Pickem Board'!K3 -> Magnolia Lane | B64: Position | C64: Points | D64: Low Round Points
A65: ='Pickem Board'!K4 -> Scottie Scheffler | B65: {=If(Substitute(Index(PositionLeaderboard, Match(A65,PlayerLeaderboard, 0)), "T", "") = "-", "-", Value(Substitute(Index(PositionLeaderboard, Match(A65,PlayerLeaderboard, 0)), "T", "")))} -> 4 | C65: {=INDEX(Points, Match(If(AND(B65>3,B65<11),"Top 10", If(AND(B65>10,NOT(B65=""), B65<26),"Top 25", If(B65="-","Missed Cut", If(B65>25,"Made Cut",B65)))),PointNames, 0))} -> 8 | D65: {=2*(SUM(If(Index(Round1, Match(A65,PlayerLeaderboard, 0))=LowRound1, 1, 0), If(Index(Round2, Match(A65,PlayerLeaderboard, 0))=LowRound2, 1, 0), If(Index(Round3, Match(A65,PlayerLeaderboard, 0))=LowRound3, 1, 0), If(Index(Round4, Match(A65,PlayerLeaderboard, 0))=LowRound4, 1, 0)))} -> 0
A66: ='Pickem Board'!K5 -> Brooks Koepka | B66: {=If(Substitute(Index(PositionLeaderboard, Match(A66,PlayerLeaderboard, 0)), "T", "") = "-", "-", Value(Substitute(Index(PositionLeaderboard, Match(A66,PlayerLeaderboard, 0)), "T", "")))} -> - | C66: {=INDEX(Points, Match(If(AND(B66>3,B66<11),"Top 10", If(AND(B66>10,NOT(B66=""), B66<26),"Top 25", If(B66="-","Missed Cut", If(B66>25,"Made Cut",B66)))),PointNames, 0))} -> -2 | D66: {=2*(SUM(If(Index(Round1, Match(A66,PlayerLeaderboard, 0))=LowRound1, 1, 0), If(Index(Round2, Match(A66,PlayerLeaderboard, 0))=LowRound2, 1, 0), If(Index(Round3, Match(A66,PlayerLeaderboard, 0))=LowRound3, 1, 0), If(Index(Round4, Match(A66,PlayerLeaderboard, 0))=LowRound4, 1, 0)))} -> 0
A67: ='Pickem Board'!K6 -> Corey Conners | B67: {=If(Substitute(Index(PositionLeaderboard, Match(A67,PlayerLeaderboard, 0)), "T", "") = "-", "-", Value(Substitute(Index(PositionLeaderboard, Match(A67,PlayerLeaderboard, 0)), "T", "")))} -> 8 | C67: {=INDEX(Points, Match(If(AND(B67>3,B67<11),"Top 10", If(AND(B67>10,NOT(B67=""), B67<26),"Top 25", If(B67="-","Missed Cut", If(B67>25,"Made Cut",B67)))),PointNames, 0))} -> 8 | D67: {=2*(SUM(If(Index(Round1, Match(A67,PlayerLeaderboard, 0))=LowRound1, 1, 0), If(Index(Round2, Match(A67,PlayerLeaderboard, 0))=LowRound2, 1, 0), If(Index(Round3, Match(A67,PlayerLeaderboard, 0))=LowRound3, 1, 0), If(Index(Round4, Match(A67,PlayerLeaderboard, 0))=LowRound4, 1, 0)))} -> 0
A68: ='Pickem Board'!K7 -> Denny McCarthy | B68: {=If(Substitute(Index(PositionLeaderboard, Match(A68,PlayerLeaderboard, 0)), "T", "") = "-", "-", Value(Substitute(Index(PositionLeaderboard, Match(A68,PlayerLeaderboard, 0)), "T", "")))} -> 29 | C68: {=INDEX(Points, Match(If(AND(B68>3,B68<11),"Top 10", If(AND(B68>10,NOT(B68=""), B68<26),"Top 25", If(B68="-","Missed Cut", If(B68>25,"Made Cut",B68)))),PointNames, 0))} -> 3 | D68: {=2*(SUM(If(Index(Round1, Match(A68,PlayerLeaderboard, 0))=LowRound1, 1, 0), If(Index(Round2, Match(A68,PlayerLeaderboard, 0))=LowRound2, 1, 0), If(Index(Round3, Match(A68,PlayerLeaderboard, 0))=LowRound3, 1, 0), If(Index(Round4, Match(A68,PlayerLeaderboard, 0))=LowRound4, 1, 0)))} -> 0
A69: Total Points | C69: =SUM(C65:C68)+SUM(D65:D68) -> 17
A71: ='Pickem Board'!L3 -> Shooter's Turn | B71: Position | C71: Points | D71: Low Round Points
A72: ='Pickem Board'!L4 -> Rory McIlroy | B72: {=If(Substitute(Index(PositionLeaderboard, Match(A72,PlayerLeaderboard, 0)), "T", "") = "-", "-", Value(Substitute(Index(PositionLeaderboard, Match(A72,PlayerLeaderboard, 0)), "T", "")))} -> 1 | C72: {=INDEX(Points, Match(If(AND(B72>3,B72<11),"Top 10", If(AND(B72>10,NOT(B72=""), B72<26),"Top 25", If(B72="-","Missed Cut", If(B72>25,"Made Cut",B72)))),PointNames, 0))} -> 25 | D72: {=2*(SUM(If(Index(Round1, Match(A72,PlayerLeaderboard, 0))=LowRound1, 1, 0), If(Index(Round2, Match(A72,PlayerLeaderboard, 0))=LowRound2, 1, 0), If(Index(Round3, Match(A72,PlayerLeaderboard, 0))=LowRound3, 1, 0), If(Index(Round4, Match(A72,PlayerLeaderboard, 0))=LowRound4, 1, 0)))} -> 4
A73: ='Pickem Board'!L5 -> Shane Lowry | B73: {=If(Substitute(Index(PositionLeaderboard, Match(A73,PlayerLeaderboard, 0)), "T", "") = "-", "-", Value(Substitute(Index(PositionLeaderboard, Match(A73,PlayerLeaderboard, 0)), "T", "")))} -> 42 | C73: {=INDEX(Points, Match(If(AND(B73>3,B73<11),"Top 10", If(AND(B73>10,NOT(B73=""), B73<26),"Top 25", If(B73="-","Missed Cut", If(B73>25,"Made Cut",B73)))),PointNames, 0))} -> 3 | D73: {=2*(SUM(If(Index(Round1, Match(A73,PlayerLeaderboard, 0))=LowRound1, 1, 0), If(Index(Round2, Match(A73,PlayerLeaderboard, 0))=LowRound2, 1, 0), If(Index(Round3, Match(A73,PlayerLeaderboard, 0))=LowRound3, 1, 0), If(Index(Round4, Match(A73,PlayerLeaderboard, 0))=LowRound4, 1, 0)))} -> 0
A74: ='Pickem Board'!L6 -> Maverick McNealy | B74: {=If(Substitute(Index(PositionLeaderboard, Match(A74,PlayerLeaderboard, 0)), "T", "") = "-", "-", Value(Substitute(Index(PositionLeaderboard, Match(A74,PlayerLeaderboard, 0)), "T", "")))} -> 32 | C74: {=INDEX(Points, Match(If(AND(B74>3,B74<11),"Top 10", If(AND(B74>10,NOT(B74=""), B74<26),"Top 25", If(B74="-","Missed Cut", If(B74>25,"Made Cut",B74)))),PointNames, 0))} -> 3 | D74: {=2*(SUM(If(Index(Round1, Match(A74,PlayerLeaderboard, 0))=LowRound1, 1, 0), If(Index(Round2, Match(A74,PlayerLeaderboard, 0))=LowRound2, 1, 0), If(Index(Round3, Match(A74,PlayerLeaderboard, 0))=LowRound3, 1, 0), If(Index(Round4, Match(A74,PlayerLeaderboard, 0))=LowRound4, 1, 0)))} -> 0
A75: ='Pickem Board'!L7 -> Nicolai Højgaard | B75: {=If(Substitute(Index(PositionLeaderboard, Match(A75,PlayerLeaderboard, 0)), "T", "") = "-", "-", Value(Substitute(Index(PositionLeaderboard, Match(A75,PlayerLeaderboard, 0)), "T", "")))} -> - | C75: {=INDEX(Points, Match(If(AND(B75>3,B75<11),"Top 10", If(AND(B75>10,NOT(B75=""), B75<26),"Top 25", If(B75="-","Missed Cut", If(B75>25,"Made Cut",B75)))),PointNames, 0))} -> -2 | D75: {=2*(SUM(If(Index(Round1, Match(A75,PlayerLeaderboard, 0))=LowRound1, 1, 0), If(Index(Round2, Match(A75,PlayerLeaderboard, 0))=LowRound2, 1, 0), If(Index(Round3, Match(A75,PlayerLeaderboard, 0))=LowRound3, 1, 0), If(Index(Round4, Match(A75,PlayerLeaderboard, 0))=LowRound4, 1, 0)))} -> 0
A76: Total Points | C76: =SUM(C72:C75)+SUM(D72:D75) -> 33
A78: ='Pickem Board'!M3 -> It's all in the hips | B78: Position | C78: Points | D78: Low Round Points
A79: ='Pickem Board'!M4 -> Ludvig Åberg | B79: {=If(Substitute(Index(PositionLeaderboard, Match(A79,PlayerLeaderboard, 0)), "T", "") = "-", "-", Value(Substitute(Index(PositionLeaderboard, Match(A79,PlayerLeaderboard, 0)), "T", "")))} -> 7 | C79: {=INDEX(Points, Match(If(AND(B79>3,B79<11),"Top 10", If(AND(B79>10,NOT(B79=""), B79<26),"Top 25", If(B79="-","Missed Cut", If(B79>25,"Made Cut",B79)))),PointNames, 0))} -> 8 | D79: {=2*(SUM(If(Index(Round1, Match(A79,PlayerLeaderboard, 0))=LowRound1, 1, 0), If(Index(Round2, Match(A79,PlayerLeaderboard, 0))=LowRound2, 1, 0), If(Index(Round3, Match(A79,PlayerLeaderboard, 0))=LowRound3, 1, 0), If(Index(Round4, Match(A79,PlayerLeaderboard, 0))=LowRound4, 1, 0)))} -> 0
A80: ='Pickem Board'!M5 -> Patrick Cantlay | B80: {=If(Substitute(Index(PositionLeaderboard, Match(A80,PlayerLeaderboard, 0)), "T", "") = "-", "-", Value(Substitute(Index(PositionLeaderboard, Match(A80,PlayerLeaderboard, 0)), "T", "")))} -> 36 | C80: {=INDEX(Points, Match(If(AND(B80>3,B80<11),"Top 10", If(AND(B80>10,NOT(B80=""), B80<26),"Top 25", If(B80="-","Missed Cut", If(B80>25,"Made Cut",B80)))),PointNames, 0))} -> 3 | D80: {=2*(SUM(If(Index(Round1, Match(A80,PlayerLeaderboard, 0))=LowRound1, 1, 0), If(Index(Round2, Match(A80,PlayerLeaderboard, 0))=LowRound2, 1, 0), If(Index(Round3, Match(A80,PlayerLeaderboard, 0))=LowRound3, 1, 0), If(Index(Round4, Match(A80,PlayerLeaderboard, 0))=LowRound4, 1, 0)))} -> 0
A81: ='Pickem Board'!M6 -> Patrick Reed | B81: {=If(Substitute(Index(PositionLeaderboard, Match(A81,PlayerLeaderboard, 0)), "T", "") = "-", "-", Value(Substitute(Index(PositionLeaderboard, Match(A81,PlayerLeaderboard, 0)), "T", "")))} -> 3 | C81: {=INDEX(Points, Match(If(AND(B81>3,B81<11),"Top 10", If(AND(B81>10,NOT(B81=""), B81<26),"Top 25", If(B81="-","Missed Cut", If(B81>25,"Made Cut",B81)))),PointNames, 0))} -> 12 | D81: {=2*(SUM(If(Index(Round1, Match(A81,PlayerLeaderboard, 0))=LowRound1, 1, 0), If(Index(Round2, Match(A81,PlayerLeaderboard, 0))=LowRound2, 1, 0), If(Index(Round3, Match(A81,PlayerLeaderboard, 0))=LowRound3, 1, 0), If(Index(Round4, Match(A81,PlayerLeaderboard, 0))=LowRound4, 1, 0)))} -> 0
A82: ='Pickem Board'!M7 -> Cameron Young | B82: {=If(Substitute(Index(PositionLeaderboard, Match(A82,PlayerLeaderboard, 0)), "T", "") = "-", "-", Value(Substitute(Index(PositionLeaderboard, Match(A82,PlayerLeaderboard, 0)), "T", "")))} -> - | C82: {=INDEX(Points, Match(If(AND(B82>3,B82<11),"Top 10", If(AND(B82>10,NOT(B82=""), B82<26),"Top 25", If(B82="-","Missed Cut", If(B82>25,"Made Cut",B82)))),PointNames, 0))} -> -2 | D82: {=2*(SUM(If(Index(Round1, Match(A82,PlayerLeaderboard, 0))=LowRound1, 1, 0), If(Index(Round2, Match(A82,PlayerLeaderboard, 0))=LowRound2, 1, 0), If(Index(Round3, Match(A82,PlayerLeaderboard, 0))=LowRound3, 1, 0), If(Index(Round4, Match(A82,PlayerLeaderboard, 0))=LowRound4, 1, 0)))} -> 0
A83: Total Points | C83: =SUM(C79:C82)+SUM(D79:D82) -> 21
A85: ='Pickem Board'!N3 -> Member's Bounce | B85: Position | C85: Points | D85: Low Round Points
A86: ='Pickem Board'!N4 -> Rory McIlroy | B86: {=If(Substitute(Index(PositionLeaderboard, Match(A86,PlayerLeaderboard, 0)), "T", "") = "-", "-", Value(Substitute(Index(PositionLeaderboard, Match(A86,PlayerLeaderboard, 0)), "T", "")))} -> 1 | C86: {=INDEX(Points, Match(If(AND(B86>3,B86<11),"Top 10", If(AND(B86>10,NOT(B86=""), B86<26),"Top 25", If(B86="-","Missed Cut", If(B86>25,"Made Cut",B86)))),PointNames, 0))} -> 25 | D86: {=2*(SUM(If(Index(Round1, Match(A86,PlayerLeaderboard, 0))=LowRound1, 1, 0), If(Index(Round2, Match(A86,PlayerLeaderboard, 0))=LowRound2, 1, 0), If(Index(Round3, Match(A86,PlayerLeaderboard, 0))=LowRound3, 1, 0), If(Index(Round4, Match(A86,PlayerLeaderboard, 0))=LowRound4, 1, 0)))} -> 4
A87: ='Pickem Board'!N5 -> Tommy Fleetwood | B87: {=If(Substitute(Index(PositionLeaderboard, Match(A87,PlayerLeaderboard, 0)), "T", "") = "-", "-", Value(Substitute(Index(PositionLeaderboard, Match(A87,PlayerLeaderboard, 0)), "T", "")))} -> 21 | C87: {=INDEX(Points, Match(If(AND(B87>3,B87<11),"Top 10", If(AND(B87>10,NOT(B87=""), B87<26),"Top 25", If(B87="-","Missed Cut", If(B87>25,"Made Cut",B87)))),PointNames, 0))} -> 5 | D87: {=2*(SUM(If(Index(Round1, Match(A87,PlayerLeaderboard, 0))=LowRound1, 1, 0), If(Index(Round2, Match(A87,PlayerLeaderboard, 0))=LowRound2, 1, 0), If(Index(Round3, Match(A87,PlayerLeaderboard, 0))=LowRound3, 1, 0), If(Index(Round4, Match(A87,PlayerLeaderboard, 0))=LowRound4, 1, 0)))} -> 0
A88: ='Pickem Board'!N6 -> Corey Conners | B88: {=If(Substitute(Index(PositionLeaderboard, Match(A88,PlayerLeaderboard, 0)), "T", "") = "-", "-", Value(Substitute(Index(PositionLeaderboard, Match(A88,PlayerLeaderboard, 0)), "T", "")))} -> 8 | C88: {=INDEX(Points, Match(If(AND(B88>3,B88<11),"Top 10", If(AND(B88>10,NOT(B88=""), B88<26),"Top 25", If(B88="-","Missed Cut", If(B88>25,"Made Cut",B88)))),PointNames, 0))} -> 8 | D88: {=2*(SUM(If(Index(Round1, Match(A88,PlayerLeaderboard, 0))=LowRound1, 1, 0), If(Index(Round2, Match(A88,PlayerLeaderboard, 0))=LowRound2, 1, 0), If(Index(Round3, Match(A88,PlayerLeaderboard, 0))=LowRound3, 1, 0), If(Index(Round4, Match(A88,PlayerLeaderboard, 0))=LowRound4, 1, 0)))} -> 0
A89: ='Pickem Board'!N7 -> Nick Taylor | B89: {=If(Substitute(Index(PositionLeaderboard, Match(A89,PlayerLeaderboard, 0)), "T", "") = "-", "-", Value(Substitute(Index(PositionLeaderboard, Match(A89,PlayerLeaderboard, 0)), "T", "")))} -> 40 | C89: {=INDEX(Points, Match(If(AND(B89>3,B89<11),"Top 10", If(AND(B89>10,NOT(B89=""), B89<26),"Top 25", If(B89="-","Missed Cut", If(B89>25,"Made Cut",B89)))),PointNames, 0))} -> 3 | D89: {=2*(SUM(If(Index(Round1, Match(A89,PlayerLeaderboard, 0))=LowRound1, 1, 0), If(Index(Round2, Match(A89,PlayerLeaderboard, 0))=LowRound2, 1, 0), If(Index(Round3, Match(A89,PlayerLeaderboard, 0))=LowRound3, 1, 0), If(Index(Round4, Match(A89,PlayerLeaderboard, 0))=LowRound4, 1, 0)))} -> 0
A90: Total Points | C90: =SUM(C86:C89)+SUM(D86:D89) -> 45
A92: ='Pickem Board'!O3 -> Nova | B92: Position | C92: Points | D92: Low Round Points
A93: ='Pickem Board'!O4 -> Scottie Scheffler | B93: {=If(Substitute(Index(PositionLeaderboard, Match(A93,PlayerLeaderboard, 0)), "T", "") = "-", "-", Value(Substitute(Index(PositionLeaderboard, Match(A93,PlayerLeaderboard, 0)), "T", "")))} -> 4 | C93: {=INDEX(Points, Match(If(AND(B93>3,B93<11),"Top 10", If(AND(B93>10,NOT(B93=""), B93<26),"Top 25", If(B93="-","Missed Cut", If(B93>25,"Made Cut",B93)))),PointNames, 0))} -> 8 | D93: {=2*(SUM(If(Index(Round1, Match(A93,PlayerLeaderboard, 0))=LowRound1, 1, 0), If(Index(Round2, Match(A93,PlayerLeaderboard, 0))=LowRound2, 1, 0), If(Index(Round3, Match(A93,PlayerLeaderboard, 0))=LowRound3, 1, 0), If(Index(Round4, Match(A93,PlayerLeaderboard, 0))=LowRound4, 1, 0)))} -> 0
A94: ='Pickem Board'!O5 -> Brooks Koepka | B94: {=If(Substitute(Index(PositionLeaderboard, Match(A94,PlayerLeaderboard, 0)), "T", "") = "-", "-", Value(Substitute(Index(PositionLeaderboard, Match(A94,PlayerLeaderboard, 0)), "T", "")))} -> - | C94: {=INDEX(Points, Match(If(AND(B94>3,B94<11),"Top 10", If(AND(B94>10,NOT(B94=""), B94<26),"Top 25", If(B94="-","Missed Cut", If(B94>25,"Made Cut",B94)))),PointNames, 0))} -> -2 | D94: {=2*(SUM(If(Index(Round1, Match(A94,PlayerLeaderboard, 0))=LowRound1, 1, 0), If(Index(Round2, Match(A94,PlayerLeaderboard, 0))=LowRound2, 1, 0), If(Index(Round3, Match(A94,PlayerLeaderboard, 0))=LowRound3, 1, 0), If(Index(Round4, Match(A94,PlayerLeaderboard, 0))=LowRound4, 1, 0)))} -> 0
A95: ='Pickem Board'!O6 -> Sam Burns | B95: {=If(Substitute(Index(PositionLeaderboard, Match(A95,PlayerLeaderboard, 0)), "T", "") = "-", "-", Value(Substitute(Index(PositionLeaderboard, Match(A95,PlayerLeaderboard, 0)), "T", "")))} -> 46 | C95: {=INDEX(Points, Match(If(AND(B95>3,B95<11),"Top 10", If(AND(B95>10,NOT(B95=""), B95<26),"Top 25", If(B95="-","Missed Cut", If(B95>25,"Made Cut",B95)))),PointNames, 0))} -> 3 | D95: {=2*(SUM(If(Index(Round1, Match(A95,PlayerLeaderboard, 0))=LowRound1, 1, 0), If(Index(Round2, Match(A95,PlayerLeaderboard, 0))=LowRound2, 1, 0), If(Index(Round3, Match(A95,PlayerLeaderboard, 0))=LowRound3, 1, 0), If(Index(Round4, Match(A95,PlayerLeaderboard, 0))=LowRound4, 1, 0)))} -> 0
A96: ='Pickem Board'!O7 -> Max Homa | B96: {=If(Substitute(Index(PositionLeaderboard, Match(A96,PlayerLeaderboard, 0)), "T", "") = "-", "-", Value(Substitute(Index(PositionLeaderboard, Match(A96,PlayerLeaderboard, 0)), "T", "")))} -> 12 | C96: {=INDEX(Points, Match(If(AND(B96>3,B96<11),"Top 10", If(AND(B96>10,NOT(B96=""), B96<26),"Top 25", If(B96="-","Missed Cut", If(B96>25,"Made Cut",B96)))),PointNames, 0))} -> 5 | D96: {=2*(SUM(If(Index(Round1, Match(A96,PlayerLeaderboard, 0))=LowRound1, 1, 0), If(Index(Round2, Match(A96,PlayerLeaderboard, 0))=LowRound2, 1, 0), If(Index(Round3, Match(A96,PlayerLeaderboard, 0))=LowRound3, 1, 0), If(Index(Round4, Match(A96,PlayerLeaderboard, 0))=LowRound4, 1, 0)))} -> 0
A97: Total Points | C97: =SUM(C93:C96)+SUM(D93:D96) -> 14
A99: ='Pickem Board'!P3 -> Vandegriff | B99: Position | C99: Points | D99: Low Round Points
A100: ='Pickem Board'!P4 -> Scottie Scheffler | B100: {=If(Substitute(Index(PositionLeaderboard, Match(A100,PlayerLeaderboard, 0)), "T", "") = "-", "-", Value(Substitute(Index(PositionLeaderboard, Match(A100,PlayerLeaderboard, 0)), "T", "")))} -> 4 | C100: {=INDEX(Points, Match(If(AND(B100>3,B100<11),"Top 10", If(AND(B100>10,NOT(B100=""), B100<26),"Top 25", If(B100="-","Missed Cut", If(B100>25,"Made Cut",B100)))),PointNames, 0))} -> 8 | D100: {=2*(SUM(If(Index(Round1, Match(A100,PlayerLeaderboard, 0))=LowRound1, 1, 0), If(Index(Round2, Match(A100,PlayerLeaderboard, 0))=LowRound2, 1, 0), If(Index(Round3, Match(A100,PlayerLeaderboard, 0))=LowRound3, 1, 0), If(Index(Round4, Match(A100,PlayerLeaderboard, 0))=LowRound4, 1, 0)))} -> 0
A101: ='Pickem Board'!P5 -> Akshay Bhatia | B101: {=If(Substitute(Index(PositionLeaderboard, Match(A101,PlayerLeaderboard, 0)), "T", "") = "-", "-", Value(Substitute(Index(PositionLeaderboard, Match(A101,PlayerLeaderboard, 0)), "T", "")))} -> 42 | C101: {=INDEX(Points, Match(If(AND(B101>3,B101<11),"Top 10", If(AND(B101>10,NOT(B101=""), B101<26),"Top 25", If(B101="-","Missed Cut", If(B101>25,"Made Cut",B101)))),PointNames, 0))} -> 3 | D101: {=2*(SUM(If(Index(Round1, Match(A101,PlayerLeaderboard, 0))=LowRound1, 1, 0), If(Index(Round2, Match(A101,PlayerLeaderboard, 0))=LowRound2, 1, 0), If(Index(Round3, Match(A101,PlayerLeaderboard, 0))=LowRound3, 1, 0), If(Index(Round4, Match(A101,PlayerLeaderboard, 0))=LowRound4, 1, 0)))} -> 0
A102: ='Pickem Board'!P6 -> Billy Horschel | B102: {=If(Substitute(Index(PositionLeaderboard, Match(A102,PlayerLeaderboard, 0)), "T", "") = "-", "-", Value(Substitute(Index(PositionLeaderboard, Match(A102,PlayerLeaderboard, 0)), "T", "")))} -> - | C102: {=INDEX(Points, Match(If(AND(B102>3,B102<11),"Top 10", If(AND(B102>10,NOT(B102=""), B102<26),"Top 25", If(B102="-","Missed Cut", If(B102>25,"Made Cut",B102)))),PointNames, 0))} -> -2 | D102: {=2*(SUM(If(Index(Round1, Match(A102,PlayerLeaderboard, 0))=LowRound1, 1, 0), If(Index(Round2, Match(A102,PlayerLeaderboard, 0))=LowRound2, 1, 0), If(Index(Round3, Match(A102,PlayerLeaderboard, 0))=LowRound3, 1, 0), If(Index(Round4, Match(A102,PlayerLeaderboard, 0))=LowRound4, 1, 0)))} -> 0
A103: ='Pickem Board'!P7 -> Cameron Young | B103: {=If(Substitute(Index(PositionLeaderboard, Match(A103,PlayerLeaderboard, 0)), "T", "") = "-", "-", Value(Substitute(Index(PositionLeaderboard, Match(A103,PlayerLeaderboard, 0)), "T", "")))} -> - | C103: {=INDEX(Points, Match(If(AND(B103>3,B103<11),"Top 10", If(AND(B103>10,NOT(B103=""), B103<26),"Top 25", If(B103="-","Missed Cut", If(B103>25,"Made Cut",B103)))),PointNames, 0))} -> -2 | D103: {=2*(SUM(If(Index(Round1, Match(A103,PlayerLeaderboard, 0))=LowRound1, 1, 0), If(Index(Round2, Match(A103,PlayerLeaderboard, 0))=LowRound2, 1, 0), If(Index(Round3, Match(A103,PlayerLeaderboard, 0))=LowRound3, 1, 0), If(Index(Round4, Match(A103,PlayerLeaderboard, 0))=LowRound4, 1, 0)))} -> 0
A104: Total Points | C104: =SUM(C100:C103)+SUM(D100:D103) -> 7
A106: ='Pickem Board'!Q3 -> Good Good Good | B106: Position | C106: Points | D106: Low Round Points
A107: ='Pickem Board'!Q4 -> Scottie Scheffler | B107: {=If(Substitute(Index(PositionLeaderboard, Match(A107,PlayerLeaderboard, 0)), "T", "") = "-", "-", Value(Substitute(Index(PositionLeaderboard, Match(A107,PlayerLeaderboard, 0)), "T", "")))} -> 4 | C107: {=INDEX(Points, Match(If(AND(B107>3,B107<11),"Top 10", If(AND(B107>10,NOT(B107=""), B107<26),"Top 25", If(B107="-","Missed Cut", If(B107>25,"Made Cut",B107)))),PointNames, 0))} -> 8 | D107: {=2*(SUM(If(Index(Round1, Match(A107,PlayerLeaderboard, 0))=LowRound1, 1, 0), If(Index(Round2, Match(A107,PlayerLeaderboard, 0))=LowRound2, 1, 0), If(Index(Round3, Match(A107,PlayerLeaderboard, 0))=LowRound3, 1, 0), If(Index(Round4, Match(A107,PlayerLeaderboard, 0))=LowRound4, 1, 0)))} -> 0
A108: ='Pickem Board'!Q5 -> Brooks Koepka | B108: {=If(Substitute(Index(PositionLeaderboard, Match(A108,PlayerLeaderboard, 0)), "T", "") = "-", "-", Value(Substitute(Index(PositionLeaderboard, Match(A108,PlayerLeaderboard, 0)), "T", "")))} -> - | C108: {=INDEX(Points, Match(If(AND(B108>3,B108<11),"Top 10", If(AND(B108>10,NOT(B108=""), B108<26),"Top 25", If(B108="-","Missed Cut", If(B108>25,"Made Cut",B108)))),PointNames, 0))} -> -2 | D108: {=2*(SUM(If(Index(Round1, Match(A108,PlayerLeaderboard, 0))=LowRound1, 1, 0), If(Index(Round2, Match(A108,PlayerLeaderboard, 0))=LowRound2, 1, 0), If(Index(Round3, Match(A108,PlayerLeaderboard, 0))=LowRound3, 1, 0), If(Index(Round4, Match(A108,PlayerLeaderboard, 0))=LowRound4, 1, 0)))} -> 0
A109: ='Pickem Board'!Q6 -> Tony Finau | B109: {=If(Substitute(Index(PositionLeaderboard, Match(A109,PlayerLeaderboard, 0)), "T", "") = "-", "-", Value(Substitute(Index(PositionLeaderboard, Match(A109,PlayerLeaderboard, 0)), "T", "")))} -> - | C109: {=INDEX(Points, Match(If(AND(B109>3,B109<11),"Top 10", If(AND(B109>10,NOT(B109=""), B109<26),"Top 25", If(B109="-","Missed Cut", If(B109>25,"Made Cut",B109)))),PointNames, 0))} -> -2 | D109: {=2*(SUM(If(Index(Round1, Match(A109,PlayerLeaderboard, 0))=LowRound1, 1, 0), If(Index(Round2, Match(A109,PlayerLeaderboard, 0))=LowRound2, 1, 0), If(Index(Round3, Match(A109,PlayerLeaderboard, 0))=LowRound3, 1, 0), If(Index(Round4, Match(A109,PlayerLeaderboard, 0))=LowRound4, 1, 0)))} -> 0
A110: ='Pickem Board'!Q7 -> Matt Mccarty | B110: {=If(Substitute(Index(PositionLeaderboard, Match(A110,PlayerLeaderboard, 0)), "T", "") = "-", "-", Value(Substitute(Index(PositionLeaderboard, Match(A110,PlayerLeaderboard, 0)), "T", "")))} -> 14 | C110: {=INDEX(Points, Match(If(AND(B110>3,B110<11),"Top 10", If(AND(B110>10,NOT(B110=""), B110<26),"Top 25", If(B110="-","Missed Cut", If(B110>25,"Made Cut",B110)))),PointNames, 0))} -> 5 | D110: {=2*(SUM(If(Index(Round1, Match(A110,PlayerLeaderboard, 0))=LowRound1, 1, 0), If(Index(Round2, Match(A110,PlayerLeaderboard, 0))=LowRound2, 1, 0), If(Index(Round3, Match(A110,PlayerLeaderboard, 0))=LowRound3, 1, 0), If(Index(Round4, Match(A110,PlayerLeaderboard, 0))=LowRound4, 1, 0)))} -> 0
A111: Total Points | C111: =SUM(C107:C110)+SUM(D107:D110) -> 9
...

Sheet Leaderboard
B1: POS | C1: PLAYER | D1: SCORE | E1: R1 | F1: R2 | G1: R3 | H1: R4 | I1: TOT | M1: Low Round 1 | N1: Low Round 2 | O1: Low Round 3 | P1: Low Round 4
B2: 1 | C2: Rory McIlroy | D2: -11 | E2: 72 | F2: 66 | G2: 66 | H2: 73 | I2: 277 | M2: =int(MINIFS(Round1, Round1, ">59")) -> 65 | N2: =int(MINIFS(Round2, Round2, ">59")) -> 66 | O2: =int(MINIFS(Round3, Round3, ">59")) -> 66 | P2: =int(MINIFS(Round4, Round4, ">59")) -> 66
B3: 2 | C3: Justin Rose | D3: -11 | E3: 65 | F3: 71 | G3: 75 | H3: 66 | I3: 277
B4: 3 | C4: Patrick Reed | D4: -9 | E4: 71 | F4: 70 | G4: 69 | H4: 69 | I4: 279
B5: 4 | C5: Scottie Scheffler | D5: -8 | E5: 68 | F5: 71 | G5: 72 | H5: 69 | I5: 280
B6: T5 | C6: Sungjae Im | D6: -7 | E6: 71 | F6: 70 | G6: 71 | H6: 69 | I6: 281
B7: T5 | C7: Bryson DeChambeau | D7: -7 | E7: 69 | F7: 68 | G7: 69 | H7: 75 | I7: 281
B8: 7 | C8: Ludvig Åberg | D8: -6 | E8: 68 | F8: 73 | G8: 69 | H8: 72 | I8: 282
B9: T8 | C9: Zach Johnson | D9: -5 | E9: 72 | F9: 74 | G9: 66 | H9: 71 | I9: 283
B10: T8 | C10: Xander Schauffele | D10: -5 | E10: 73 | F10: 69 | G10: 70 | H10: 71 | I10: 283
B11: T8 | C11: Jason Day | D11: -5 | E11: 70 | F11: 70 | G11: 71 | H11: 72 | I11: 283
B12: T8 | C12: Corey Conners | D12: -5 | E12: 68 | F12: 70 | G12: 70 | H12: 75 | I12: 283
B13: T12 | C13: Harris English | D13: -4 | E13: 70 | F13: 73 | G13: 73 | H13: 68 | I13: 284
B14: T12 | C14: Max Homa | D14: -4 | E14: 74 | F14: 70 | G14: 69 | H14: 71 | I14: 284
B15: T14 | C15: Bubba Watson | D15: -3 | E15: 71 | F15: 72 | G15: 74 | H15: 68 | I15: 285
B16: T14 | C16: Jon Rahm | D16: -3 | E16: 75 | F16: 71 | G16: 70 | H16: 69 | I16: 285
B17: T14 | C17: Jordan Spieth | D17: -3 | E17: 73 | F17: 73 | G17: 69 | H17: 70 | I17: 285
B18: T14 | C18: Tom Hoge | D18: -3 | E18: 72 | F18: 72 | G18: 70 | H18: 71 | I18: 285
B19: T14 | C19: Tyrrell Hatton | D19: -3 | E19: 69 | F19: 70 | G19: 75 | H19: 71 | I19: 285
B20: T14 | C20: Matt McCarty | D20: -3 | E20: 71 | F20: 68 | G20: 75 | H20: 71 | I20: 285
... B29: T27 | C29: Michael Kim | D29: -1 | E29: 71 | F29: 71 | G29: 74 | H29: 71 | I29: 287
B30: T29 | C30: Denny McCarthy | D30: E | E30: 71 | F30: 75 | G30: 71 | H30: 71 | I30: 288
B31: T29 | C31: Sahith Theegala | D31: E | E31: 72 | F31: 72 | G31: 73 | H31: 71 | I31: 288
B32: T29 | C32: Joaquín Niemann | D32: E | E32: 72 | F32: 74 | G32: 70 | H32: 72 | I32: 288
B33: T32 | C33: Brian Campbell | D33: +1 | E33: 72 | F33: 73 | G33: 76 | H33: 68 | I33: 289
B34: T32 | C34: Maverick McNealy | D34: +1 | E34: 72 | F34: 73 | G34: 71 | H34: 73 | I34: 289
B35: T32 | C35: Max Greyserman | D35: +1 | E35: 71 | F35: 75 | G35: 69 | H35: 74 | I35: 289
B36: T32 | C36: Rasmus Højgaard | D36: +1 | E36: 73 | F36: 67 | G36: 75 | H36: 74 | I36: 289
B37: T36 | C37: Justin Thomas | D37: +2 | E37: 73 | F37: 71 | G37: 76 | H37: 70 | I37: 290
B38: T36 | C38: Patrick Cantlay | D38: +2 | E38: 74 | F38: 72 | G38: 73 | H38: 71 | I38: 290
B39: T36 | C39: Brian Harman | D39: +2 | E39: 71 | F39: 71 | G39: 77 | H39: 71 | I39: 290
B40: T36 | C40: Charl Schwartzel | D40: +2 | E40: 74 | F40: 72 | G40: 72 | H40: 72 | I40: 290
B41: T40 | C41: Nick Taylor | D41: +3 | E41: 73 | F41: 71 | G41: 74 | H41: 73 | I41: 291
... B49: T46 | C49: Davis Thompson | D49: +5 | E49: 71 | F49: 73 | G49: 70 | H49: 79 | I49: 293
B50: 49 | C50: Min Woo Lee | D50: +6 | E50: 71 | F50: 72 | G50: 77 | H50: 74 | I50: 294
B51: 50 | C51: J.J. Spaun | D51: +7 | E51: 74 | F51: 72 | G51: 74 | H51: 75 | I51: 295
B52: 51 | C52: Nicolas Echavarria | D52: +8 | E52: 73 | F52: 70 | G52: 69 | H52: 84 | I52: 296
B53: T52 | C53: Stephan Jaeger | D53: +9 | E53: 72 | F53: 74 | G53: 73 | H53: 78 | I53: 297
B54: T52 | C54: Tom Kim | D54: +9 | E54: 73 | F54: 73 | G54: 72 | H54: 79 | I54: 297
B55: - | C55: Russell Henley | D55: CUT | E55: 79 | F55: 68 | G55: -- | H55: -- | I55: 147
B56: - | C56: Chris Kirk | D56: CUT | E56: 75 | F56: 72 | G56: -- | H56: -- | I56: 147
B57: - | C57: Dustin Johnson | D57: CUT | E57: 74 | F57: 73 | G57: -- | H57: -- | I57: 147
B58: - | C58: Bernhard Langer | D58: CUT | E58: 74 | F58: 73 | G58: -- | H58: -- | I58: 147
B59: - | C59: Keegan Bradley | D59: CUT | E59: 74 | F59: 73 | G59: -- | H59: -- | I59: 147
B60: - | C60: Justin Hastings (a) | D60: CUT | E60: 76 | F60: 72 | G60: -- | H60: -- | I60: 148
B61: - | C61: Joe Highsmith | D61: CUT | E61: 76 | F61: 72 | G61: -- | H61: -- | I61: 148
B62: - | C62: Rafael Campos | D62: CUT | E62: 75 | F62: 73 | G62: -- | H62: -- | I62: 148
B63: - | C63: Mike Weir | D63: CUT | E63: 75 | F63: 73 | G63: -- | H63: -- | I63: 148
B64: - | C64: Tony Finau | D64: CUT | E64: 75 | F64: 73 | G64: -- | H64: -- | I64: 148
B65: - | C65: Adam Schenk | D65: CUT | E65: 73 | F65: 75 | G65: -- | H65: -- | I65: 148
B66: - | C66: Sergio Garcia | D66: CUT | E66: 72 | F66: 76 | G66: -- | H66: -- | I66: 148
... B96: - | C96: Nick Dunlap | D96: CUT | E96: 90 | F96: 71 | G96: -- | H96: -- | I96: 161

Sheet Pickem Board
B1: Masters Pool It All Comes Down To Sunday | AX1: @dropdown
B3: Shankapotamus ⛳️ | C3: 9 O'clock on the 9th Green | D3: Better Than Most | E3: Maher | F3: Wish Louis was Playing | G3: Putts n' Stuff | H3: Scottie Style | I3: Back to back to back | J3: And33znutz | K3: Magnolia Lane | L3: Shooter's Turn | M3: It's all in the hips | N3: Member's Bounce | O3: Nova | P3: Vandegriff | Q3: Good Good Good | R3: Kyle Beeler | S3: Faldo & Barker | T3: Kroll's Holes | U3: The Putt Pirates | V3: Bizzle Bone 🦴 | W3: Rob Won | X3: Rob Won Two | Y3: Only Boss That Has Won this Before | Z3: Johnson Wagner | AA3: ParTee Animals | AB3: Hosel Rocket | AC3: Putt Blugs | AD3: Baseball Hacks Only | AE3: Rocky | AF3: <Team Name Here> | AG3: <Team Name Here> | AH3: <Team Name Here> | AI3: <Team Name Here> | AJ3: <Team Name Here> | AK3: <Team Name Here> | AL3: <Team Name Here> | AM3: <Team Name Here> | AN3: <Team Name Here> | AO3: <Team Name Here> | AP3: <Team Name Here> | AQ3: <Team Name Here> | AR3: <Team Name Here> | AS3: <Team Name Here> | AT3: <Team Name Here> | AU3: <Team Name Here> | AV3: <Team Name Here> | AW3: <Team Name Here>
A4: Tier 1 | B4: Rory McIlroy | C4: Scottie Scheffler | D4: Scottie Scheffler | E4: Scottie Scheffler | F4: Collin Morikawa | G4: Collin Morikawa | H4: Scottie Scheffler | I4: Scottie Scheffler | J4: Rory McIlroy | K4: Scottie Scheffler | L4: Rory McIlroy | M4: Ludvig Åberg | N4: Rory McIlroy | O4: Scottie Scheffler | P4: Scottie Scheffler | Q4: Scottie Scheffler | R4: Collin Morikawa | S4: Jon Rahm | T4: Bryson DeChambeau | U4: Xander Schauffele | V4: Collin Morikawa | W4: Xander Schauffele | X4: Ludvig Åberg | Y4: Joaquín Niemann | Z4: Rory McIlroy | AA4: Rory McIlroy | AB4: Rory McIlroy | AC4: Rory McIlroy | AD4: Rory McIlroy | AE4: Rory McIlroy
A5: Tier 2 | B5: Jordan Spieth | C5: Tommy Fleetwood | D5: Viktor Hovland | E5: Brooks Koepka | F5: Shane Lowry | G5: Patrick Cantlay | H5: Shane Lowry | I5: Jordan Spieth | J5: Russell Henley | K5: Brooks Koepka | L5: Shane Lowry | M5: Patrick Cantlay | N5: Tommy Fleetwood | O5: Brooks Koepka | P5: Akshay Bhatia | Q5: Brooks Koepka | R5: Robert MacIntyre | S5: Brooks Koepka | T5: Shane Lowry | U5: Shane Lowry | V5: Viktor Hovland | W5: Viktor Hovland | X5: Brooks Koepka | Y5: Will Zalatoris | Z5: Brooks Koepka | AA5: Brooks Koepka | AB5: Tommy Fleetwood | AC5: Shane Lowry | AD5: Brooks Koepka | AE5: Viktor Hovland
A6: Tier 3 | B6: Sahith Theegala | C6: Sepp Straka | D6: Sam Burns | E6: Sergio Garcia | F6: Justin Rose | G6: Dustin Johnson | H6: Sergio Garcia | I6: Maverick McNealy | J6: Tony Finau | K6: Corey Conners | L6: Maverick McNealy | M6: Patrick Reed | N6: Corey Conners | O6: Sam Burns | P6: Billy Horschel | Q6: Tony Finau | R6: Corey Conners | S6: Wyndham Clark | T6: Keegan Bradley | U6: Jason Day | V6: Justin Rose | W6: Jason Day | X6: Sahith Theegala | Y6: Tony Finau | Z6: Justin Rose | AA6: Sergio Garcia | AB6: Sepp Straka | AC6: Maverick McNealy | AD6: Sepp Straka | AE6: Justin Rose
A7: Tier 4 | B7: Cam Davis | C7: Thomas Detry | D7: Cameron Young | E7: Danny Willett | F7: Michael Kim | G7: Cameron Young | H7: Denny McCarthy | I7: Cameron Young | J7: J.T. Poston | K7: Denny McCarthy | L7: Nicolai Højgaard | M7: Cameron Young | N7: Nick Taylor | O7: Max Homa | P7: Cameron Young | Q7: Matt Mccarty | R7: Lucas Glover | S7: Cameron Young | T7: Lucas Glover | U7: J.T. Poston | V7: Max Homa | W7: Max Homa | X7: Cam Davis | Y7: Nicolai Højgaard | Z7: Nicolai Højgaard | AA7: Michael Kim | AB7: Lucas Glover | AC7: Stephan Jaeger | AD7: Denny McCarthy | AE7: Max Homa
A8: Payments: | B8: Paid | C8: Paid | D8: Paid | E8: Paid | F8: Paid | G8: Paid | H8: Paid | I8: Paid | J8: Paid | K8: Paid | L8: Paid | M8: Paid | N8: Paid | O8: Paid | P8: Paid | Q8: Paid | R8: Paid | S8: Paid | T8: Paid | U8: Paid | V8: Paid | W8: Paid | X8: Paid | Y8: Paid | Z8: Paid | AA8: Paid | AB8: Paid | AC8: Paid | AD8: Paid | AE8: Paid
A9: Name | B9: Brett Dutcher | C9: Nate Feldpausch | D9: Dave Phillips | E9: John Maher | F9: Jake Wester | G9: Nick Ranns | H9: John Sinacola | I9: Troy | J9: Andy Semanson | K9: Steve Wester | L9: James Dutcher | M9: Duane Brown | N9: Patrick Doyle | O9: Joe N | P9: Aaron Vandegriff | Q9: Kyle B. | R9: Kyle B. | S9: Nick W | T9: Nick K | U9: Evan Timm | V9: Mike Bielski | W9: Boss Team 1 | X9: Boss Team 2 | Y9: Becca | Z9: Mitch | AA9: John L. | AB9: Weasel | AC9: OB | AD9: Ganci | AE9: Rocky | AF9: <Your Name Here> | AG9: <Your Name Here> | AH9: <Your Name Here> | AI9: <Your Name Here> | AJ9: <Your Name Here> | AK9: <Your Name Here> | AL9: <Your Name Here> | AM9: <Your Name Here> | AN9: <Your Name Here> | AO9: <Your Name Here> | AP9: <Your Name Here> | AQ9: <Your Name Here> | AR9: <Your Name Here> | AS9: <Your Name Here> | AT9: <Your Name Here> | AU9: <Your Name Here> | AV9: <Your Name Here> | AW9: <Your Name Here>
A11: ***Draft Board closes by the first Tee time Thursday

Sheet Player Tiers
A1: TIER 1 | B1: TIER 2 | C1: TIER 3 | D1: TIER 4 | G1: Scottie Scheffler | H1: Scottie Scheffler +650 | I1: Scottie Scheffler +450 | J1: =trim(substitute(SUBSTITUTE(SUBSTITUTE(SUBSTITUTE(SUBSTITUTE(SUBSTITUTE(SUBSTITUTE(SUBSTITUTE(SUBSTITUTE(SUBSTITUTE(SUBSTITUTE(I1, "0", ""), "1", ""), "2", ""), "3", ""), "4", ""), "5", ""), "6", ""), "7", ""), "8", ""), "9", ""), "+","")) -> Scottie Scheffler
A2: Bryson DeChambeau | B2: Akshay Bhatia | C2: Aaron Rai | D2: Adam Schenk | G2: Rory McIlroy | H2: Rory McIlroy +750 | I2: Rory McIlroy +650 | J2: =trim(substitute(SUBSTITUTE(SUBSTITUTE(SUBSTITUTE(SUBSTITUTE(SUBSTITUTE(SUBSTITUTE(SUBSTITUTE(SUBSTITUTE(SUBSTITUTE(SUBSTITUTE(I2, "0", ""), "1", ""), "2", ""), "3", ""), "4", ""), "5", ""), "6", ""), "7", ""), "8", ""), "9", ""), "+","")) -> Rory McIlroy
A3: Collin Morikawa | B3: Brooks Koepka | C3: Adam Scott | D3: Angel Cabrera | G3: Jon Rahm | H3: Jon Rahm +800 | I3: Jon Rahm +1400 | J3: =trim(substitute(SUBSTITUTE(SUBSTITUTE(SUBSTITUTE(SUBSTITUTE(SUBSTITUTE(SUBSTITUTE(SUBSTITUTE(SUBSTITUTE(SUBSTITUTE(SUBSTITUTE(I3, "0", ""), "1", ""), "2", ""), "3", ""), "4", ""), "5", ""), "6", ""), "7", ""), "8", ""), "9", ""), "+","")) -> Jon Rahm
A4: Hideki Matsuyama | B4: Cameron Smith | C4: Billy Horschel | D4: Austin Eckroat | G4: Cameron Smith | H4: Cameron Smith +1400 | I4: Ludvig Åberg +1600 | J4: =trim(substitute(SUBSTITUTE(SUBSTITUTE(SUBSTITUTE(SUBSTITUTE(SUBSTITUTE(SUBSTITUTE(SUBSTITUTE(SUBSTITUTE(SUBSTITUTE(SUBSTITUTE(I4, "0", ""), "1", ""), "2", ""), "3", ""), "4", ""), "5", ""), "6", ""), "7", ""), "8", ""), "9", ""), "+","")) -> Ludvig Åberg
A5: Joaquín Niemann | B5: Jordan Spieth | C5: Brian Harman | D5: Bernhard Langer | G5: Jordan Spieth | H5: Jordan Spieth +1400 | I5: Collin Morikawa +1600 | J5: =trim(substitute(SUBSTITUTE(SUBSTITUTE(SUBSTITUTE(SUBSTITUTE(SUBSTITUTE(SUBSTITUTE(SUBSTITUTE(SUBSTITUTE(SUBSTITUTE(SUBSTITUTE(I5, "0", ""), "1", ""), "2", ""), "3", ""), "4", ""), "5", ""), "6", ""), "7", ""), "8", ""), "9", ""), "+","")) -> Collin Morikawa
A6: Jon Rahm | B6: Min Woo Lee | C6: Byeong Hun An | D6: Brian Campbell | G6: Justin Thomas | H6: Justin Thomas +1500 | I6: Xander Schauffele +1800 | J6: =trim(substitute(SUBSTITUTE(SUBSTITUTE(SUBSTITUTE(SUBSTITUTE(SUBSTITUTE(SUBSTITUTE(SUBSTITUTE(SUBSTITUTE(SUBSTITUTE(SUBSTITUTE(I6, "0", ""), "1", ""), "2", ""), "3", ""), "4", ""), "5", ""), "6", ""), "7", ""), "8", ""), "9", ""), "+","")) -> Xander Schauffele
A7: Justin Thomas | B7: Patrick Cantlay | C7: Corey Conners | D7: Bubba Watson | G7: Will Zalatoris | H7: Will Zalatoris +1600 | I7: Bryson DeChambeau +2000 | J7: =trim(substitute(SUBSTITUTE(SUBSTITUTE(SUBSTITUTE(SUBSTITUTE(SUBSTITUTE(SUBSTITUTE(SUBSTITUTE(SUBSTITUTE(SUBSTITUTE(SUBSTITUTE(I7, "0", ""), "1", ""), "2", ""), "3", ""), "4", ""), "5", ""), "6", ""), "7", ""), "8", ""), "9", ""), "+","")) -> Bryson DeChambeau
A8: Ludvig Åberg | B8: Robert MacIntyre | C8: Daniel Berger | D8: Cam Davis | G8: Collin Morikawa | H8: Collin Morikawa +1600 | I8: Justin Thomas +2200 | J8: =trim(substitute(SUBSTITUTE(SUBSTITUTE(SUBSTITUTE(SUBSTITUTE(SUBSTITUTE(SUBSTITUTE(SUBSTITUTE(SUBSTITUTE(SUBSTITUTE(SUBSTITUTE(I8, "0", ""), "1", ""), "2", ""), "3", ""), "4", ""), "5", ""), "6", ""), "7", ""), "8", ""), "9", ""), "+","")) -> Justin Thomas
A9: Rory McIlroy | B9: Russell Henley | C9: Davis Thompson | D9: Cameron Young | G9: Max Homa | H9: Max Homa +1600 | I9: Joaquin Niemann +2800 | J9: =trim(substitute(SUBSTITUTE(SUBSTITUTE(SUBSTITUTE(SUBSTITUTE(SUBSTITUTE(SUBSTITUTE(SUBSTITUTE(SUBSTITUTE(SUBSTITUTE(SUBSTITUTE(I9, "0", ""), "1", ""), "2", ""), "3", ""), "4", ""), "5", ""), "6", ""), "7", ""), "8", ""), "9", ""), "+","")) -> Joaquin Niemann
A10: Scottie Scheffler | B10: Shane Lowry | C10: Dustin Johnson | D10: Charl Schwartzel | G10: Xander Schauffele | H10: Xander Schauffele +2000 | I10: Hideki Matsuyama +2800 | J10: =trim(substitute(SUBSTITUTE(SUBSTITUTE(SUBSTITUTE(SUBSTITUTE(SUBSTITUTE(SUBSTITUTE(SUBSTITUTE(SUBSTITUTE(SUBSTITUTE(SUBSTITUTE(I10, "0", ""), "1", ""), "2", ""), "3", ""), "4", ""), "5", ""), "6", ""), "7", ""), "8", ""), "9", ""), "+","")) -> Hideki Matsuyama
A11: Xander Schauffele | B11: Tommy Fleetwood | C11: J. J. Spaun | D11: Chris Kirk | G11: Patrick Cantlay | H11: Patrick Cantlay +2000 | I11: Brooks Koepka +3000 | J11: =trim(substitute(SUBSTITUTE(SUBSTITUTE(SUBSTITUTE(SUBSTITUTE(SUBSTITUTE(SUBSTITUTE(SUBSTITUTE(SUBSTITUTE(SUBSTITUTE(SUBSTITUTE(I11, "0", ""), "1", ""), "2", ""), "3", ""), "4", ""), "5", ""), "6", ""), "7", ""), "8", ""), "9", ""), "+","")) -> Brooks Koepka
B12: Tyrrell Hatton | C12: Jason Day | D12: Christiaan Bezuidenhout | G12: Sam Burns | H12: Sam Burns +2500 | I12: Jordan Spieth +3300 | J12: =trim(substitute(SUBSTITUTE(SUBSTITUTE(SUBSTITUTE(SUBSTITUTE(SUBSTITUTE(SUBSTITUTE(SUBSTITUTE(SUBSTITUTE(SUBSTITUTE(SUBSTITUTE(I12, "0", ""), "1", ""), "2", ""), "3", ""), "4", ""), "5", ""), "6", ""), "7", ""), "8", ""), "9", ""), "+","")) -> Jordan Spieth
B13: Viktor Hovland | C13: Justin Rose | D13: Danny Willett | G13: Jason Day | H13: Jason Day +2500 | I13: Tommy Fleetwood +3500 | J13: =trim(substitute(SUBSTITUTE(SUBSTITUTE(SUBSTITUTE(SUBSTITUTE(SUBSTITUTE(SUBSTITUTE(SUBSTITUTE(SUBSTITUTE(SUBSTITUTE(SUBSTITUTE(I13, "0", ""), "1", ""), "2", ""), "3", ""), "4", ""), "5", ""), "6", ""), "7", ""), "8", ""), "9", ""), "+","")) -> Tommy Fleetwood
B14: Will Zalatoris | C14: Keegan Bradley | D14: Davis Riley | G14: Tony Finau | H14: Tony Finau +2800 | I14: Shane Lowry +3500 | J14: =trim(substitute(SUBSTITUTE(SUBSTITUTE(SUBSTITUTE(SUBSTITUTE(SUBSTITUTE(SUBSTITUTE(SUBSTITUTE(SUBSTITUTE(SUBSTITUTE(SUBSTITUTE(I14, "0", ""), "1", ""), "2", ""), "3", ""), "4", ""), "5", ""), "6", ""), "7", ""), "8", ""), "9", ""), "+","")) -> Shane Lowry
C15: Matt Fitzpatrick | D15: Denny McCarthy | G15: Sungjae Im | H15: Sungjae Im +2800 | I15: Viktor Hovland +3500 | J15: =trim(substitute(SUBSTITUTE(SUBSTITUTE(SUBSTITUTE(SUBSTITUTE(SUBSTITUTE(SUBSTITUTE(SUBSTITUTE(SUBSTITUTE(SUBSTITUTE(SUBSTITUTE(I15, "0", ""), "1", ""), "2", ""), "3", ""), "4", ""), "5", ""), "6", ""), "7", ""), "8", ""), "9", ""), "+","")) -> Viktor Hovland
C16: Maverick McNealy | D16: Evan Beck | G16: Dustin Johnson | H16: Dustin Johnson +2800 | I16: Patrick Cantlay +3500 | J16: =trim(substitute(SUBSTITUTE(SUBSTITUTE(SUBSTITUTE(SUBSTITUTE(SUBSTITUTE(SUBSTITUTE(SUBSTITUTE(SUBSTITUTE(SUBSTITUTE(SUBSTITUTE(I16, "0", ""), "1", ""), "2", ""), "3", ""), "4", ""), "5", ""), "6", ""), "7", ""), "8", ""), "9", ""), "+","")) -> Patrick Cantlay
C17: Patrick Reed | D17: Fred Couples | G17: Viktor Hovland | H17: Viktor Hovland +2800 | I17: Tyrrell Hatton +4000 | J17: =trim(substitute(SUBSTITUTE(SUBSTITUTE(SUBSTITUTE(SUBSTITUTE(SUBSTITUTE(SUBSTITUTE(SUBSTITUTE(SUBSTITUTE(SUBSTITUTE(SUBSTITUTE(I17, "0", ""), "1", ""), "2", ""), "3", ""), "4", ""), "5", ""), "6", ""), "7", ""), "8", ""), "9", ""), "+","")) -> Tyrrell Hatton
C18: Phil Mickelson | D18: Harris English | G18: Cameron Young | H18: Cameron Young +3000 | I18: Robert MacIntyre +5500 | J18: =trim(substitute(SUBSTITUTE(SUBSTITUTE(SUBSTITUTE(SUBSTITUTE(SUBSTITUTE(SUBSTITUTE(SUBSTITUTE(SUBSTITUTE(SUBSTITUTE(SUBSTITUTE(I18, "0", ""), "1", ""), "2", ""), "3", ""), "4", ""), "5", ""), "6", ""), "7", ""), "8", ""), "9", ""), "+","")) -> Robert MacIntyre
C19: Sahith Theegala | D19: Hiroshi Tai | G19: Brooks Koepka | H19: Brooks Koepka +3000 | I19: Russell Henley +5500 | J19: =trim(substitute(SUBSTITUTE(SUBSTITUTE(SUBSTITUTE(SUBSTITUTE(SUBSTITUTE(SUBSTITUTE(SUBSTITUTE(SUBSTITUTE(SUBSTITUTE(SUBSTITUTE(I19, "0", ""), "1", ""), "2", ""), "3", ""), "4", ""), "5", ""), "6", ""), "7", ""), "8", ""), "9", ""), "+","")) -> Russell Henley
C20: Sam Burns | D20: J.T. Poston | G20: Tom Kim | H20: Tom Kim +3300 | I20: Min Woo Lee +5500 | J20: =trim(substitute(SUBSTITUTE(SUBSTITUTE(SUBSTITUTE(SUBSTITUTE(SUBSTITUTE(SUBSTITUTE(SUBSTITUTE(SUBSTITUTE(SUBSTITUTE(SUBSTITUTE(I20, "0", ""), "1", ""), "2", ""), "3", ""), "4", ""), "5", ""), "6", ""), "7", ""), "8", ""), "9", ""), "+","")) -> Min Woo Lee
C21: Sepp Straka | D21: Jhonattan Vegas | G21: Hideki Matsuyama | H21: Hideki Matsuyama +3500 | I21: Will Zalatoris +5500 | J21: =trim(substitute(SUBSTITUTE(SUBSTITUTE(SUBSTITUTE(SUBSTITUTE(SUBSTITUTE(SUBSTITUTE(SUBSTITUTE(SUBSTITUTE(SUBSTITUTE(SUBSTITUTE(I21, "0", ""), "1", ""), "2", ""), "3", ""), "4", ""), "5", ""), "6", ""), "7", ""), "8", ""), "9", ""), "+","")) -> Will Zalatoris
C22: Sergio Garcia | D22: Joe Highsmith | G22: Matthew Fitzpatrick | H22: Matthew Fitzpatrick +3500 | I22: Cameron Smith +6000 | J22: =trim(substitute(SUBSTITUTE(SUBSTITUTE(SUBSTITUTE(SUBSTITUTE(SUBSTITUTE(SUBSTITUTE(SUBSTITUTE(SUBSTITUTE(SUBSTITUTE(SUBSTITUTE(I22, "0", ""), "1", ""), "2", ""), "3", ""), "4", ""), "5", ""), "6", ""), "7", ""), "8", ""), "9", ""), "+","")) -> Cameron Smith
C23: Sungjae Im | D23: Jose Luis Ballester | G23: Joaquin Niemann | H23: Joaquin Niemann +4000 | I23: Akshay Bhatia +6500 | J23: =trim(substitute(SUBSTITUTE(SUBSTITUTE(SUBSTITUTE(SUBSTITUTE(SUBSTITUTE(SUBSTITUTE(SUBSTITUTE(SUBSTITUTE(SUBSTITUTE(SUBSTITUTE(I23, "0", ""), "1", ""), "2", ""), "3", ""), "4", ""), "5", ""), "6", ""), "7", ""), "8", ""), "9", ""), "+","")) -> Akshay Bhatia
C24: Taylor Pendrith | D24: Jose Maria Olazábal | G24: Shane Lowry | H24: Shane Lowry +4500 | I24: Corey Conners +7500 | J24: =trim(substitute(SUBSTITUTE(SUBSTITUTE(SUBSTITUTE(SUBSTITUTE(SUBSTITUTE(SUBSTITUTE(SUBSTITUTE(SUBSTITUTE(SUBSTITUTE(SUBSTITUTE(I24, "0", ""), "1", ""), "2", ""), "3", ""), "4", ""), "5", ""), "6", ""), "7", ""), "8", ""), "9", ""), "+","")) -> Corey Conners
C25: Tom Kim | D25: Justin Hastings | G25: Keith Mitchell | H25: Keith Mitchell +5000 | I25: Tony Finau +7500 | J25: =trim(substitute(SUBSTITUTE(SUBSTITUTE(SUBSTITUTE(SUBSTITUTE(SUBSTITUTE(SUBSTITUTE(SUBSTITUTE(SUBSTITUTE(SUBSTITUTE(SUBSTITUTE(I25, "0", ""), "1", ""), "2", ""), "3", ""), "4", ""), "5", ""), "6", ""), "7", ""), "8", ""), "9", ""), "+","")) -> Tony Finau
C26: Tony Finau | D26: Kevin Yu | G26: Tyrrell Hatton | H26: Tyrrell Hatton +5500 | I26: Jason Day +8000 | J26: =trim(substitute(SUBSTITUTE(SUBSTITUTE(SUBSTITUTE(SUBSTITUTE(SUBSTITUTE(SUBSTITUTE(SUBSTITUTE(SUBSTITUTE(SUBSTITUTE(SUBSTITUTE(I26, "0", ""), "1", ""), "2", ""), "3", ""), "4", ""), "5", ""), "6", ""), "7", ""), "8", ""), "9", ""), "+","")) -> Jason Day
C27: Wyndham Clark | D27: Laurie Canter | G27: Tiger Woods | H27: Tiger Woods +6000 | I27: Sepp Straka +8000 | J27: =trim(substitute(SUBSTITUTE(SUBSTITUTE(SUBSTITUTE(SUBSTITUTE(SUBSTITUTE(SUBSTITUTE(SUBSTITUTE(SUBSTITUTE(SUBSTITUTE(SUBSTITUTE(I27, "0", ""), "1", ""), "2", ""), "3", ""), "4", ""), "5", ""), "6", ""), "7", ""), "8", ""), "9", ""), "+","")) -> Sepp Straka
D28: Lucas Glover | G28: Tommy Fleetwood | H28: Tommy Fleetwood +6000 | I28: Wyndham Clark +8000 | J28: =trim(substitute(SUBSTITUTE(SUBSTITUTE(SUBSTITUTE(SUBSTITUTE(SUBSTITUTE(SUBSTITUTE(SUBSTITUTE(SUBSTITUTE(SUBSTITUTE(SUBSTITUTE(I28, "0", ""), "1", ""), "2", ""), "3", ""), "4", ""), "5", ""), "6", ""), "7", ""), "8", ""), "9", ""), "+","")) -> Wyndham Clark
D29: Matt Mccarty | G29: Bryson DeChambeau | H29: Bryson DeChambeau +6500 | I29: Dustin Johnson +8000 | J29: =trim(substitute(SUBSTITUTE(SUBSTITUTE(SUBSTITUTE(SUBSTITUTE(SUBSTITUTE(SUBSTITUTE(SUBSTITUTE(SUBSTITUTE(SUBSTITUTE(SUBSTITUTE(I29, "0", ""), "1", ""), "2", ""), "3", ""), "4", ""), "5", ""), "6", ""), "7", ""), "8", ""), "9", ""), "+","")) -> Dustin Johnson
D30: Matthieu Pavon | G30: Justin Rose | H30: Justin Rose +7000 | I30: Sergio Garcia +8000 | J30: =trim(substitute(SUBSTITUTE(SUBSTITUTE(SUBSTITUTE(SUBSTITUTE(SUBSTITUTE(SUBSTITUTE(SUBSTITUTE(SUBSTITUTE(SUBSTITUTE(SUBSTITUTE(I30, "0", ""), "1", ""), "2", ""), "3", ""), "4", ""), "5", ""), "6", ""), "7", ""), "8", ""), "9", ""), "+","")) -> Sergio Garcia
D31: Max Greyserman | G31: Corey Conners | H31: Corey Conners +7500 | I31: Sahith Theegala +9000 | J31: =trim(substitute(SUBSTITUTE(SUBSTITUTE(SUBSTITUTE(SUBSTITUTE(SUBSTITUTE(SUBSTITUTE(SUBSTITUTE(SUBSTITUTE(SUBSTITUTE(SUBSTITUTE(I31, "0", ""), "1", ""), "2", ""), "3", ""), "4", ""), "5", ""), "6", ""), "7", ""), "8", ""), "9", ""), "+","")) -> Sahith Theegala
D32: Max Homa | G32: Louis Oosthuizen | H32: Louis Oosthuizen +7500 | I32: Patrick Reed +9000 | J32: =trim(substitute(SUBSTITUTE(SUBSTITUTE(SUBSTITUTE(SUBSTITUTE(SUBSTITUTE(SUBSTITUTE(SUBSTITUTE(SUBSTITUTE(SUBSTITUTE(SUBSTITUTE(I32, "0", ""), "1", ""), "2", ""), "3", ""), "4", ""), "5", ""), "6", ""), "7", ""), "8", ""), "9", ""), "+","")) -> Patrick Reed
D33: Michael Kim | G33: Patrick Reed | H33: Patrick Reed +8000 | I33: Keegan Bradley +11000 | J33: =trim(substitute(SUBSTITUTE(SUBSTITUTE(SUBSTITUTE(SUBSTITUTE(SUBSTITUTE(SUBSTITUTE(SUBSTITUTE(SUBSTITUTE(SUBSTITUTE(SUBSTITUTE(I33, "0", ""), "1", ""), "2", ""), "3", ""), "4", ""), "5", ""), "6", ""), "7", ""), "8", ""), "9", ""), "+","")) -> Keegan Bradley
D34: Mike Weir | G34: Russell Henley | H34: Russell Henley +8000 | I34: Tom Kim +11000 | J34: =trim(substitute(SUBSTITUTE(SUBSTITUTE(SUBSTITUTE(SUBSTITUTE(SUBSTITUTE(SUBSTITUTE(SUBSTITUTE(SUBSTITUTE(SUBSTITUTE(SUBSTITUTE(I34, "0", ""), "1", ""), "2", ""), "3", ""), "4", ""), "5", ""), "6", ""), "7", ""), "8", ""), "9", ""), "+","")) -> Tom Kim
D35: Nick Dunlap | G35: Sahith Theegala | H35: Sahith Theegala +8000 | I35: Justin Rose +11000 | J35: =trim(substitute(SUBSTITUTE(SUBSTITUTE(SUBSTITUTE(SUBSTITUTE(SUBSTITUTE(SUBSTITUTE(SUBSTITUTE(SUBSTITUTE(SUBSTITUTE(SUBSTITUTE(I35, "0", ""), "1", ""), "2", ""), "3", ""), "4", ""), "5", ""), "6", ""), "7", ""), "8", ""), "9", ""), "+","")) -> Justin Rose
D36: Nick Taylor | G36: Abraham Ancer | H36: Abraham Ancer +8500 | I36: Sungjae Im +11000 | J36: =trim(substitute(SUBSTITUTE(SUBSTITUTE(SUBSTITUTE(SUBSTITUTE(SUBSTITUTE(SUBSTITUTE(SUBSTITUTE(SUBSTITUTE(SUBSTITUTE(SUBSTITUTE(I36, "0", ""), "1", ""), "2", ""), "3", ""), "4", ""), "5", ""), "6", ""), "7", ""), "8", ""), "9", ""), "+","")) -> Sungjae Im
D37: Nicolai Højgaard | G37: Talor Gooch | H37: Talor Gooch +9000 | I37: Brian Harman +11000 | J37: =trim(substitute(SUBSTITUTE(SUBSTITUTE(SUBSTITUTE(SUBSTITUTE(SUBSTITUTE(SUBSTITUTE(SUBSTITUTE(SUBSTITUTE(SUBSTITUTE(SUBSTITUTE(I37, "0", ""), "1", ""), "2", ""), "3", ""), "4", ""), "5", ""), "6", ""), "7", ""), "8", ""), "9", ""), "+","")) -> Brian Harman
D38: Nicolas Echavarria | G38: Si-Woo Kim | H38: Si-Woo Kim +9000 | I38: Daniel Berger +11000 | J38: =trim(substitute(SUBSTITUTE(SUBSTITUTE(SUBSTITUTE(SUBSTITUTE(SUBSTITUTE(SUBSTITUTE(SUBSTITUTE(SUBSTITUTE(SUBSTITUTE(SUBSTITUTE(I38, "0", ""), "1", ""), "2", ""), "3", ""), "4", ""), "5", ""), "6", ""), "7", ""), "8", ""), "9", ""), "+","")) -> Daniel Berger
D39: Noah Kent | G39: Mito Pereira | H39: Mito Pereira +9000 | I39: Matt Fitzpatrick +12000 | J39: =trim(substitute(SUBSTITUTE(SUBSTITUTE(SUBSTITUTE(SUBSTITUTE(SUBSTITUTE(SUBSTITUTE(SUBSTITUTE(SUBSTITUTE(SUBSTITUTE(SUBSTITUTE(I39, "0", ""), "1", ""), "2", ""), "3", ""), "4", ""), "5", ""), "6", ""), "7", ""), "8", ""), "9", ""), "+","")) -> Matt Fitzpatrick
... D48: Zach Johnson | G48: Gary Woodland | H48: Gary Woodland +15000 | I48: J. J. Spaun +15000 | J48: =trim(substitute(SUBSTITUTE(SUBSTITUTE(SUBSTITUTE(SUBSTITUTE(SUBSTITUTE(SUBSTITUTE(SUBSTITUTE(SUBSTITUTE(SUBSTITUTE(SUBSTITUTE(I48, "0", ""), "1", ""), "2", ""), "3", ""), "4", ""), "5", ""), "6", ""), "7", ""), "8", ""), "9", ""), "+","")) -> J. J. Spaun
G49: Kurt Kitayama | H49: Kurt Kitayama +15000 | I49: Maverick McNealy +15000 | J49: =trim(substitute(SUBSTITUTE(SUBSTITUTE(SUBSTITUTE(SUBSTITUTE(SUBSTITUTE(SUBSTITUTE(SUBSTITUTE(SUBSTITUTE(SUBSTITUTE(SUBSTITUTE(I49, "0", ""), "1", ""), "2", ""), "3", ""), "4", ""), "5", ""), "6", ""), "7", ""), "8", ""), "9", ""), "+","")) -> Maverick McNealy
G50: K H Lee | H50: K H Lee +15000 | I50: Lucas Glover +17000 | J50: =trim(substitute(SUBSTITUTE(SUBSTITUTE(SUBSTITUTE(SUBSTITUTE(SUBSTITUTE(SUBSTITUTE(SUBSTITUTE(SUBSTITUTE(SUBSTITUTE(SUBSTITUTE(I50, "0", ""), "1", ""), "2", ""), "3", ""), "4", ""), "5", ""), "6", ""), "7", ""), "8", ""), "9", ""), "+","")) -> Lucas Glover
G51: Sepp Straka | H51: Sepp Straka +15000 | I51: Thomas Detry +17000 | J51: =trim(substitute(SUBSTITUTE(SUBSTITUTE(SUBSTITUTE(SUBSTITUTE(SUBSTITUTE(SUBSTITUTE(SUBSTITUTE(SUBSTITUTE(SUBSTITUTE(SUBSTITUTE(I51, "0", ""), "1", ""), "2", ""), "3", ""), "4", ""), "5", ""), "6", ""), "7", ""), "8", ""), "9", ""), "+","")) -> Thomas Detry
G52: Keegan Bradley | H52: Keegan Bradley +15000 | I52: Michael Kim +17000 | J52: =trim(substitute(SUBSTITUTE(SUBSTITUTE(SUBSTITUTE(SUBSTITUTE(SUBSTITUTE(SUBSTITUTE(SUBSTITUTE(SUBSTITUTE(SUBSTITUTE(SUBSTITUTE(I52, "0", ""), "1", ""), "2", ""), "3", ""), "4", ""), "5", ""), "6", ""), "7", ""), "8", ""), "9", ""), "+","")) -> Michael Kim
G53: Ryan Fox | H53: Ryan Fox +15000 | I53: Cameron Young +17000 | J53: =trim(substitute(SUBSTITUTE(SUBSTITUTE(SUBSTITUTE(SUBSTITUTE(SUBSTITUTE(SUBSTITUTE(SUBSTITUTE(SUBSTITUTE(SUBSTITUTE(SUBSTITUTE(I53, "0", ""), "1", ""), "2", ""), "3", ""), "4", ""), "5", ""), "6", ""), "7", ""), "8", ""), "9", ""), "+","")) -> Cameron Young
G54: Harold Varner | H54: Harold Varner +15000 | I54: Nicolai Højgaard +20000 | J54: =trim(substitute(SUBSTITUTE(SUBSTITUTE(SUBSTITUTE(SUBSTITUTE(SUBSTITUTE(SUBSTITUTE(SUBSTITUTE(SUBSTITUTE(SUBSTITUTE(SUBSTITUTE(I54, "0", ""), "1", ""), "2", ""), "3", ""), "4", ""), "5", ""), "6", ""), "7", ""), "8", ""), "9", ""), "+","")) -> Nicolai Højgaard
G55: Brian Harman | H55: Brian Harman +15000 | I55: Denny McCarthy +20000 | J55: =trim(substitute(SUBSTITUTE(SUBSTITUTE(SUBSTITUTE(SUBSTITUTE(SUBSTITUTE(SUBSTITUTE(SUBSTITUTE(SUBSTITUTE(SUBSTITUTE(SUBSTITUTE(I55, "0", ""), "1", ""), "2", ""), "3", ""), "4", ""), "5", ""), "6", ""), "7", ""), "8", ""), "9", ""), "+","")) -> Denny McCarthy
G56: Kevin Na | H56: Kevin Na +15000 | I56: Rasmus Højgaard +20000 | J56: =trim(substitute(SUBSTITUTE(SUBSTITUTE(SUBSTITUTE(SUBSTITUTE(SUBSTITUTE(SUBSTITUTE(SUBSTITUTE(SUBSTITUTE(SUBSTITUTE(SUBSTITUTE(I56, "0", ""), "1", ""), "2", ""), "3", ""), "4", ""), "5", ""), "6", ""), "7", ""), "8", ""), "9", ""), "+","")) -> Rasmus Højgaard
G57: Alex Noren | H57: Alex Noren +17500 | I57: Laurie Canter +22000 | J57: =trim(substitute(SUBSTITUTE(SUBSTITUTE(SUBSTITUTE(SUBSTITUTE(SUBSTITUTE(SUBSTITUTE(SUBSTITUTE(SUBSTITUTE(SUBSTITUTE(SUBSTITUTE(I57, "0", ""), "1", ""), "2", ""), "3", ""), "4", ""), "5", ""), "6", ""), "7", ""), "8", ""), "9", ""), "+","")) -> Laurie Canter
G58: Seamus Power | H58: Seamus Power +17500 | I58: Max Homa +25000 | J58: =trim(substitute(SUBSTITUTE(SUBSTITUTE(SUBSTITUTE(SUBSTITUTE(SUBSTITUTE(SUBSTITUTE(SUBSTITUTE(SUBSTITUTE(SUBSTITUTE(SUBSTITUTE(I58, "0", ""), "1", ""), "2", ""), "3", ""), "4", ""), "5", ""), "6", ""), "7", ""), "8", ""), "9", ""), "+","")) -> Max Homa
G59: Harris English | H59: Harris English +17500 | I59: Harris English +25000 | J59: =trim(substitute(SUBSTITUTE(SUBSTITUTE(SUBSTITUTE(SUBSTITUTE(SUBSTITUTE(SUBSTITUTE(SUBSTITUTE(SUBSTITUTE(SUBSTITUTE(SUBSTITUTE(I59, "0", ""), "1", ""), "2", ""), "3", ""), "4", ""), "5", ""), "6", ""), "7", ""), "8", ""), "9", ""), "+","")) -> Harris English
G60: Cameron Champ | H60: Cameron Champ +17500 | I60: Stephan Jaeger +27000 | J60: =trim(substitute(SUBSTITUTE(SUBSTITUTE(SUBSTITUTE(SUBSTITUTE(SUBSTITUTE(SUBSTITUTE(SUBSTITUTE(SUBSTITUTE(SUBSTITUTE(SUBSTITUTE(I60, "0", ""), "1", ""), "2", ""), "3", ""), "4", ""), "5", ""), "6", ""), "7", ""), "8", ""), "9", ""), "+","")) -> Stephan Jaeger
... G81: Sandy Lyle | H81: Sandy Lyle +500000 | I81: Danny Willett +75000 | J81: =trim(substitute(SUBSTITUTE(SUBSTITUTE(SUBSTITUTE(SUBSTITUTE(SUBSTITUTE(SUBSTITUTE(SUBSTITUTE(SUBSTITUTE(SUBSTITUTE(SUBSTITUTE(I81, "0", ""), "1", ""), "2", ""), "3", ""), "4", ""), "5", ""), "6", ""), "7", ""), "8", ""), "9", ""), "+","")) -> Danny Willett
I82: Zach Johnson +75000 | J82: =trim(substitute(SUBSTITUTE(SUBSTITUTE(SUBSTITUTE(SUBSTITUTE(SUBSTITUTE(SUBSTITUTE(SUBSTITUTE(SUBSTITUTE(SUBSTITUTE(SUBSTITUTE(I82, "0", ""), "1", ""), "2", ""), "3", ""), "4", ""), "5", ""), "6", ""), "7", ""), "8", ""), "9", ""), "+","")) -> Zach Johnson
I83: Brian Campbell +100000 | J83: =trim(substitute(SUBSTITUTE(SUBSTITUTE(SUBSTITUTE(SUBSTITUTE(SUBSTITUTE(SUBSTITUTE(SUBSTITUTE(SUBSTITUTE(SUBSTITUTE(SUBSTITUTE(I83, "0", ""), "1", ""), "2", ""), "3", ""), "4", ""), "5", ""), "6", ""), "7", ""), "8", ""), "9", ""), "+","")) -> Brian Campbell
I84: Angel Cabrera +100000 | J84: =trim(substitute(SUBSTITUTE(SUBSTITUTE(SUBSTITUTE(SUBSTITUTE(SUBSTITUTE(SUBSTITUTE(SUBSTITUTE(SUBSTITUTE(SUBSTITUTE(SUBSTITUTE(I84, "0", ""), "1", ""), "2", ""), "3", ""), "4", ""), "5", ""), "6", ""), "7", ""), "8", ""), "9", ""), "+","")) -> Angel Cabrera
I85: Evan Beck +100000 | J85: =trim(substitute(SUBSTITUTE(SUBSTITUTE(SUBSTITUTE(SUBSTITUTE(SUBSTITUTE(SUBSTITUTE(SUBSTITUTE(SUBSTITUTE(SUBSTITUTE(SUBSTITUTE(I85, "0", ""), "1", ""), "2", ""), "3", ""), "4", ""), "5", ""), "6", ""), "7", ""), "8", ""), "9", ""), "+","")) -> Evan Beck
I86: Hiroshi Tai +100000 | J86: =trim(substitute(SUBSTITUTE(SUBSTITUTE(SUBSTITUTE(SUBSTITUTE(SUBSTITUTE(SUBSTITUTE(SUBSTITUTE(SUBSTITUTE(SUBSTITUTE(SUBSTITUTE(I86, "0", ""), "1", ""), "2", ""), "3", ""), "4", ""), "5", ""), "6", ""), "7", ""), "8", ""), "9", ""), "+","")) -> Hiroshi Tai
I87: Justin Hastings +100000 | J87: =trim(substitute(SUBSTITUTE(SUBSTITUTE(SUBSTITUTE(SUBSTITUTE(SUBSTITUTE(SUBSTITUTE(SUBSTITUTE(SUBSTITUTE(SUBSTITUTE(SUBSTITUTE(I87, "0", ""), "1", ""), "2", ""), "3", ""), "4", ""), "5", ""), "6", ""), "7", ""), "8", ""), "9", ""), "+","")) -> Justin Hastings
I88: Rafael Campos +100000 | J88: =trim(substitute(SUBSTITUTE(SUBSTITUTE(SUBSTITUTE(SUBSTITUTE(SUBSTITUTE(SUBSTITUTE(SUBSTITUTE(SUBSTITUTE(SUBSTITUTE(SUBSTITUTE(I88, "0", ""), "1", ""), "2", ""), "3", ""), "4", ""), "5", ""), "6", ""), "7", ""), "8", ""), "9", ""), "+","")) -> Rafael Campos
I89: Vijay Singh +100000 | J89: =trim(substitute(SUBSTITUTE(SUBSTITUTE(SUBSTITUTE(SUBSTITUTE(SUBSTITUTE(SUBSTITUTE(SUBSTITUTE(SUBSTITUTE(SUBSTITUTE(SUBSTITUTE(I89, "0", ""), "1", ""), "2", ""), "3", ""), "4", ""), "5", ""), "6", ""), "7", ""), "8", ""), "9", ""), "+","")) -> Vijay Singh
I90: Noah Kent +100000 | J90: =trim(substitute(SUBSTITUTE(SUBSTITUTE(SUBSTITUTE(SUBSTITUTE(SUBSTITUTE(SUBSTITUTE(SUBSTITUTE(SUBSTITUTE(SUBSTITUTE(SUBSTITUTE(I90, "0", ""), "1", ""), "2", ""), "3", ""), "4", ""), "5", ""), "6", ""), "7", ""), "8", ""), "9", ""), "+","")) -> Noah Kent
I91: Bernhard Langer +100000 | J91: =trim(substitute(SUBSTITUTE(SUBSTITUTE(SUBSTITUTE(SUBSTITUTE(SUBSTITUTE(SUBSTITUTE(SUBSTITUTE(SUBSTITUTE(SUBSTITUTE(SUBSTITUTE(I91, "0", ""), "1", ""), "2", ""), "3", ""), "4", ""), "5", ""), "6", ""), "7", ""), "8", ""), "9", ""), "+","")) -> Bernhard Langer
I92: Fred Couples +100000 | J92: =trim(substitute(SUBSTITUTE(SUBSTITUTE(SUBSTITUTE(SUBSTITUTE(SUBSTITUTE(SUBSTITUTE(SUBSTITUTE(SUBSTITUTE(SUBSTITUTE(SUBSTITUTE(I92, "0", ""), "1", ""), "2", ""), "3", ""), "4", ""), "5", ""), "6", ""), "7", ""), "8", ""), "9", ""), "+","")) -> Fred Couples
I93: Mike Weir +100000 | J93: =trim(substitute(SUBSTITUTE(SUBSTITUTE(SUBSTITUTE(SUBSTITUTE(SUBSTITUTE(SUBSTITUTE(SUBSTITUTE(SUBSTITUTE(SUBSTITUTE(SUBSTITUTE(I93, "0", ""), "1", ""), "2", ""), "3", ""), "4", ""), "5", ""), "6", ""), "7", ""), "8", ""), "9", ""), "+","")) -> Mike Weir
... I96: Jose Luis Ballester +100000 | J96: =trim(substitute(SUBSTITUTE(SUBSTITUTE(SUBSTITUTE(SUBSTITUTE(SUBSTITUTE(SUBSTITUTE(SUBSTITUTE(SUBSTITUTE(SUBSTITUTE(SUBSTITUTE(I96, "0", ""), "1", ""), "2", ""), "3", ""), "4", ""), "5", ""), "6", ""), "7", ""), "8", ""), "9", ""), "+","")) -> Jose Luis Ballester

Sheet Payouts
A1: Buy In | B1: 20 | C1: Percent of Pot | D1: Number of Teams (in case of ties)
A3: Number of Entries | B3: =COUNTIF('Pickem Board'!B3:AW3,"<>*<Team Name Here>*") -> 30
A5: Total Pot | B5: =B1*B3 -> 600 | C5: =SUM(C7:C9) -> 1
A7: 1st | B7: =(C7*B5)/D7 -> 420 | C7: 0.7 | D7: 1
A8: 2nd | B8: =(C8*B5)/D8 -> 120 | C8: 0.2 | D8: 1
A9: 3rd | B9: =(C9*B5)/D9 -> 60 | C9: 0.1 | D9: 1
A10: ***Scoring - Refer to Scoring Tab
A13: PAYMENT:
A14: Please use Venmo for payment - @Brett-Dutcher

Sheet Scoring
A1: 1 | B1: 25
A2: 2 | B2: 15
A3: 3 | B3: 12
A4: Top 10 | B4: 8
A5: Top 25 | B5: 5
A6: Made Cut | B6: 3
A7: Missed Cut | B7: -2
A8: Low Round | B8: 2

Sheet Final
A1: POS | C1: PLAYER | D1: SCORE | E1: TODAY | F1: THRU | G1: R1 | H1: R2 | I1: R3 | J1: R4 | K1: TOT
A2: 1 | B2: - | C2: Scottie Scheffler | D2: -12 | E2: -3 | F2: 17 | G2: 69 | H2: 67 | I2: 71 | J2: -- | K2: 207
A3: 2 | B3: 7 | C3: Rory McIlroy | D3: -7 | E3: -8 | F3: F | G3: 73 | H3: 73 | I3: 71 | J3: 64 | K3: 281
A4: T3 | B4: 1 | C4: Shane Lowry | D4: -5 | E4: -3 | F4: F | G4: 73 | H4: 68 | I4: 73 | J4: 69 | K4: 283
A5: T3 | B5: 1 | C5: Cameron Smith | D5: -5 | E5: +1 | F5: 17 | G5: 68 | H5: 74 | I5: 68 | J5: -- | K5: 210
A6: 5 | B6: 4 | C6: Collin Morikawa | D6: -4 | E6: -5 | F6: F | G6: 73 | H6: 70 | I6: 74 | J6: 67 | K6: 284
A7: T6 | B7: 8 | C7: Will Zalatoris | D7: -3 | E7: -5 | F7: F | G7: 71 | H7: 72 | I7: 75 | J7: 67 | K7: 285
A8: T6 | B8: - | C8: Corey Conners | D8: -3 | E8: -2 | F8: F | G8: 70 | H8: 73 | I8: 72 | J8: 70 | K8: 285
A9: T8 | B9: 2 | C9: Justin Thomas | D9: -1 | E9: E | F9: F | G9: 76 | H9: 67 | I9: 72 | J9: 72 | K9: 287
A10: T8 | B10: 5 | C10: Sungjae Im | D10: -1 | E10: +3 | F10: F | G10: 67 | H10: 74 | I10: 71 | J10: 75 | K10: 287
A11: T10 | B11: 4 | C11: Cameron Champ | D11: E | E11: -2 | F11: F | G11: 72 | H11: 75 | I11: 71 | J11: 70 | K11: 288
A12: T10 | B12: 6 | C12: Charl Schwartzel | D12: E | E12: +2 | F12: F | G12: 72 | H12: 69 | I12: 73 | J12: 74 | K12: 288
A13: T12 | B13: 3 | C13: Dustin Johnson | D13: +1 | E13: E | F13: F | G13: 69 | H13: 73 | I13: 75 | J13: 72 | K13: 289
A14: T12 | B14: 4 | C14: Danny Willett | D14: +1 | E14: +1 | F14: F | G14: 69 | H14: 74 | I14: 73 | J14: 73 | K14: 289
A15: T14 | B15: 20 | C15: Kevin Na | D15: +2 | E15: -3 | F15: F | G15: 71 | H15: 71 | I15: 79 | J15: 69 | K15: 290
A16: T14 | B16: 12 | C16: Matt Fitzpatrick | D16: +2 | E16: -2 | F16: F | G16: 71 | H16: 73 | I16: 76 | J16: 70 | K16: 290
A17: T14 | B17: 12 | C17: Min Woo Lee | D17: +2 | E17: -2 | F17: F | G17: 73 | H17: 75 | I17: 72 | J17: 70 | K17: 290
A18: T14 | B18: 4 | C18: Harry Higgs | D18: +2 | E18: -1 | F18: F | G18: 71 | H18: 75 | I18: 73 | J18: 71 | K18: 290
A19: T14 | B19: 4 | C19: Lee Westwood | D19: +2 | E19: -1 | F19: F | G19: 72 | H19: 74 | I19: 73 | J19: 71 | K19: 290
A20: T14 | B20: 4 | C20: Talor Gooch | D20: +2 | E20: -1 | F20: F | G20: 72 | H20: 74 | I20: 73 | J20: 71 | K20: 290
A21: T14 | B21: - | C21: Hideki Matsuyama | D21: +2 | E21: E | F21: F | G21: 72 | H21: 69 | I21: 77 | J21: 72 | K21: 290
A22: T14 | B22: 5 | C22: Jason Kokrak | D22: +2 | E22: +1 | F22: F | G22: 70 | H22: 76 | I22: 71 | J22: 73 | K22: 290
A23: T14 | B23: 5 | C23: Tommy Fleetwood | D23: +2 | E23: +1 | F23: F | G23: 75 | H23: 72 | I23: 70 | J23: 73 | K23: 290
A24: T23 | B24: 13 | C24: Robert MacIntyre | D24: +3 | E24: -3 | F24: F | G24: 73 | H24: 73 | I24: 76 | J24: 69 | K24: 291
A25: T23 | B25: 13 | C25: Harold Varner III | D25: +3 | E25: -3 | F25: F | G25: 71 | H25: 71 | I25: 80 | J25: 69 | K25: 291
A26: T23 | B26: 3 | C26: Sergio Garcia | D26: +3 | E26: -1 | F26: F | G26: 72 | H26: 74 | I26: 74 | J26: 71 | K26: 291
A27: T23 | B27: 5 | C27: J.J. Spaun | D27: +3 | E27: E | F27: F | G27: 74 | H27: 70 | I27: 75 | J27: 72 | K27: 291
A28: T27 | B28: 14 | C28: Jon Rahm | D28: +4 | E28: -3 | F28: F | G28: 74 | H28: 72 | I28: 77 | J28: 69 | K28: 292
A29: T27 | B29: 9 | C29: Seamus Power | D29: +4 | E29: -2 | F29: F | G29: 74 | H29: 74 | I29: 74 | J29: 70 | K29: 292
A30: T27 | B30: 9 | C30: Viktor Hovland | D30: +4 | E30: +1 | F30: F | G30: 72 | H30: 76 | I30: 71 | J30: 73 | K30: 292
A31: T30 | B31: 11 | C31: Russell Henley | D31: +5 | E31: -2 | F31: F | G31: 73 | H31: 74 | I31: 76 | J31: 70 | K31: 293
A32: T30 | B32: 6 | C32: Sepp Straka | D32: +5 | E32: -1 | F32: F | G32: 74 | H32: 72 | I32: 76 | J32: 71 | K32: 293
A33: T30 | B33: 4 | C33: Lucas Glover | D33: +5 | E33: +1 | F33: F | G33: 72 | H33: 76 | I33: 72 | J33: 73 | K33: 293
A34: T30 | B34: 12 | C34: Hudson Swafford | D34: +5 | E34: +2 | F34: F | G34: 77 | H34: 69 | I34: 73 | J34: 74 | K34: 293
A35: T30 | B35: 12 | C35: Marc Leishman | D35: +5 | E35: +2 | F35: F | G35: 73 | H35: 75 | I35: 71 | J35: 74 | K35: 293
A36: T35 | B36: 9 | C36: Joaquin Niemann | D36: +6 | E36: +2 | F36: F | G36: 69 | H36: 74 | I36: 77 | J36: 74 | K36: 294
A37: T35 | B37: 9 | C37: Tony Finau | D37: +6 | E37: +2 | F37: F | G37: 71 | H37: 75 | I37: 74 | J37: 74 | K37: 294
A38: T35 | B38: 9 | C38: Patrick Reed | D38: +6 | E38: +2 | F38: F | G38: 74 | H38: 73 | I38: 73 | J38: 74 | K38: 294
A39: T35 | B39: 21 | C39: Webb Simpson | D39: +6 | E39: +4 | F39: F | G39: 71 | H39: 74 | I39: 73 | J39: 76 | K39: 294
A40: T39 | B40: 6 | C40: Patrick Cantlay | D40: +7 | E40: -1 | F40: F | G40: 70 | H40: 75 | I40: 79 | J40: 71 | K40: 295
A41: T39 | B41: 6 | C41: Bubba Watson | D41: +7 | E41: -1 | F41: F | G41: 73 | H41: 73 | I41: 78 | J41: 71 | K41: 295
A42: T39 | B42: 3 | C42: Tom Hoge | D42: +7 | E42: +1 | F42: F | G42: 73 | H42: 74 | I42: 75 | J42: 73 | K42: 295
A43: T39 | B43: 21 | C43: Si Woo Kim | D43: +7 | E43: +4 | F43: F | G43: 76 | H43: 70 | I43: 73 | J43: 76 | K43: 295
A44: 43 | B44: 7 | C44: Billy Horschel | D44: +8 | E44: -2 | F44: F | G44: 74 | H44: 73 | I44: 79 | J44: 70 | K44: 296
A45: T44 | B45: 10 | C45: Christiaan Bezuidenhout | D45: +9 | E45: +4 | F45: F | G45: 73 | H45: 71 | I45: 77 | J45: 76 | K45: 297
A46: T44 | B46: 18 | C46: Kevin Kisner | D46: +9 | E46: +5 | F46: F | G46: 75 | H46: 70 | I46: 75 | J46: 77 | K46: 297
A47: 46 | B47: 5 | C47: Cam Davis | D47: +12 | E47: +1 | F47: F | G47: 75 | H47: 73 | I47: 79 | J47: 73 | K47: 300
A48: 47 | B48: 6 | C48: Tiger Woods | D48: +13 | E48: +6 | F48: F | G48: 71 | H48: 74 | I48: 78 | J48: 78 | K48: 301
A49: T48 | B49: 4 | C49: Adam Scott | D49: +14 | E49: +2 | F49: F | G49: 74 | H49: 74 | I49: 80 | J49: 74 | K49: 302
A50: T48 | B50: 3 | C50: Max Homa | D50: +14 | E50: +6 | F50: F | G50: 74 | H50: 73 | I50: 77 | J50: 78 | K50: 302
A51: T50 | B51: 2 | C51: Mackenzie Hughes | D51: +15 | E51: +6 | F51: F | G51: 73 | H51: 75 | I51: 77 | J51: 78 | K51: 303
A52: T50 | B52: 9 | C52: Daniel Berger | D52: +15 | E52: +8 | F52: F | G52: 71 | H52: 75 | I52: 77 | J52: 80 | K52: 303
A53: 52 | B53: 4 | C53: Tyrrell Hatton | D53: +17 | E53: +8 | F53: F | G53: 72 | H53: 74 | I53: 79 | J53: 80 | K53: 305
A55: - | B55: - | C55: Padraig Harrington | D55: CUT | E55: - | F55: CUT | G55: 74 | H55: 75 | I55: -- | J55: -- | K55: 149
A56: - | B56: - | C56: K.H. Lee | D56: CUT | E56: - | F56: CUT | G56: 74 | H56: 75 | I56: -- | J56: -- | K56: 149
A57: - | B57: - | C57: Brian Harman | D57: CUT | E57: - | F57: CUT | G57: 74 | H57: 75 | I57: -- | J57: -- | K57: 149
A58: - | B58: - | C58: Zach Johnson | D58: CUT | E58: - | F58: CUT | G58: 74 | H58: 75 | I58: -- | J58: -- | K58: 149
A59: - | B59: - | C59: Takumi Kanaya | D59: CUT | E59: - | F59: CUT | G59: 75 | H59: 74 | I59: -- | J59: -- | K59: 149
A60: - | B60: - | C60: Sam Burns | D60: CUT | E60: - | F60: CUT | G60: 75 | H60: 74 | I60: -- | J60: -- | K60: 149
A61: - | B61: - | C61: Mike Weir | D61: CUT | E61: - | F61: CUT | G61: 74 | H61: 76 | I61: -- | J61: -- | K61: 150
A62: - | B62: - | C62: Ryan Palmer | D62: CUT | E62: - | F62: CUT | G62: 75 | H62: 75 | I62: -- | J62: -- | K62: 150
A63: - | B63: - | C63: Lucas Herbert | D63: CUT | E63: - | F63: CUT | G63: 74 | H63: 76 | I63: -- | J63: -- | K63: 150
A64: - | B64: - | C64: Jordan Spieth | D64: CUT | E64: - | F64: CUT | G64: 74 | H64: 76 | I64: -- | J64: -- | K64: 150
A65: - | B65: - | C65: Brooks Koepka | D65: CUT | E65: - | F65: CUT | G65: 75 | H65: 75 | I65: -- | J65: -- | K65: 150
A66: - | B66: - | C66: Austin Greaser (a) | D66: CUT | E66: - | F66: CUT | G66: 74 | H66: 77 | I66: -- | J66: -- | K66: 151
... A91: - | B91: - | C91: Laird Shepherd (a) | D91: CUT | E91: - | F91: CUT | G91: 81 | H91: 85 | I91: -- | J91: -- | K91: 166
A92: - | B92: - | C92: Louis Oosthuizen | D92: WD | E92: - | F92: WD | G92: 76 | H92: -- | I92: -- | J92: -- | K92: 76
A93: - | B93: - | C93: Paul Casey | D93: WD | E93: - | F93: WD | G93: -- | H93: -- | I93: -- | J93: -- | K93: --
